ShoeName,Category,No_of_Colors,Price,Brand,Min_Price,Max_Price
Woodland DNavy 4 casual shoes,Men,1,"?3,297.00",Woodland,3297,3297
Woodland Olive Green casual shoes,Men,2,"?3,297.00",Woodland,3297,3297
Dubai Khaki Casual Shoes For Men,Men,1,"?5,995.00",Woodland,5995,5995
Grey Sneakers for men,Men,1,"?5,995.00",Woodland,5995,5995
Barbecue NAVY,Men,1,"?3,417.00",Woodland,3417,3417
Barbecue BROWN,Men,1,"?3,417.00",Woodland,3417,3417
Olive green casual shoes for men,Men,2,"?5,995.00",Woodland,5995,5995
Navy Nubuk Mens Casuals Laces,Men,1,"?5,995.00",Woodland,5995,5995
Camel casual shoes for men,Men,1,"?5,495.00",Woodland,5495,5495
Black/Blue shoes for Men,Men,2,"?4,197.00",Woodland,4197,4197
Woodland Camel casual shoes,Men,1,"?3,417.00",Woodland,3417,3417
Camel Nubuk Milled Granite Mens Casuals Laces,Men,1,"?5,995.00",Woodland,5995,5995
Dune casual shoes,Men,1,"?3,297.00",Woodland,3297,3297
Woodland Dubai Khaki Lace Up Shoes For Men,Men,1,"?4,995.00",Woodland,4995,4995
Woodland Khaki casual shoes,Men,1,"?3,417.00",Woodland,3417,3417
Camel casual shoes,Men,1,"?3,297.00",Woodland,3297,3297
Ogreen/Black casual lace-up shoes for men,Men,2,"?4,995.00",Woodland,4995,4995
Snaype Nubuk Mens Casuals Laces,Men,0,"?5,995.00",Woodland,5995,5995
Olive green casual slip-on shoes for men,Men,2,"?4,295.00",Woodland,4295,4295
Olive Green Nubuk Milled Granite Mens Casuals Laces,Men,2,"?5,995.00",Woodland,5995,5995
Woodland Camel Lace Up Shoes For Men,Men,1,"?4,995.00",Woodland,4995,4995
Woodland Menĺs Camel Lace-Up Casual Shoes,Men,1,"?4,995.00",Woodland,4995,4995
Day-to-day KHAKI,Men,1,"?3,297.00",Woodland,3297,3297
Elephant Print Nubuk Men Olive Shoes,Men,1,"?4,295.00",Woodland,4295,4295
Day-to-day CAMEL,Men,1,"?3,297.00",Woodland,3297,3297
Woodland Menĺs Camel Colored Sporty Lace-Up Shoes,Men,2,"?4,995.00",Woodland,4995,4995
Men Olive Green Casual Lace Up Shoes,Men,2,"?3,995.00",Woodland,3995,3995
Woodland Embossed Menĺs Camel Lace-Up Casual Shoes,Men,1,"?4,495.00",Woodland,4495,4495
Camel casual slip-on shoes for men,Men,1,"?4,295.00",Woodland,4295,4295
Woodland Menĺs Khaki Lace-Up Casual Shoes,Men,1,"?4,995.00",Woodland,4995,4995
Men Camel Casual Lace Up Shoes,Men,1,"?3,995.00",Woodland,3995,3995
Chunky Sole Lace Up Shoes Camel colored from Woodland,Men,2,"?5,295.00",Woodland,5295,5295
Woodland Menĺs Olive Green Sporty Lace-Up Shoes,Men,2,"?4,995.00",Woodland,4995,4995
Black Grey Shoes for Men,Men,2,"?6,995.00",Woodland,6995,6995
Woodland Embossed Menĺs Khaki Lace-Up Casual Shoes,Men,1,"?4,495.00",Woodland,4495,4495
Cashew brown Sneakers for men,Men,1,"?5,495.00",Woodland,5495,5495
Camel Moccasin Style Casual Slip On Shoes,Men,1,"?3,995.00",Woodland,3995,3995
Olive Green/ Dubai Khaki casual lace-up shoes for men,Men,3,"?4,995.00",Woodland,4995,4995
Elephant Print Nubuk Men Camel Shoes,Men,1,"?4,295.00",Woodland,4295,4295
Camel casual lace-up shoes for men,Men,1,"?4,495.00",Woodland,4495,4495
Dubai Khaki casual lace-up shoes for men,Men,1,"?4,995.00",Woodland,4995,4995
Navy Sneakers for men,Men,1,"?5,495.00",Woodland,5495,5495
Olive green Sneakers for men,Men,2,"?5,495.00",Woodland,5495,5495
Olive Green Moccasin Style Casual Slip On Shoes,Men,2,"?3,995.00",Woodland,3995,3995
Woods Men Classic Casual Black Leather Shoes,Men,1,"?5,997.00",Woodland,5997,5997
Black Nubuk Casual Lace Shoes,Men,1,"?4,495.00",Woodland,4495,4495
Olive green high ankle boot for men,Men,2,"?6,495.00",Woodland,6495,6495
Navy Boot for Men,Men,1,"?5,995.00",Woodland,5995,5995
Camel boots for men,Men,1,"?6,995.00",Woodland,6995,6995
Olive green boots for men,Men,2,"?6,995.00",Woodland,6995,6995
Snaype Boots for Men,Men,0,"?6,495.00",Woodland,6495,6495
Camel Boot for Men,Men,1,"?6,495.00",Woodland,6495,6495
Black Boot for Men,Men,1,"?7,995.00",Woodland,7995,7995
Brown/Black Boot for Men,Men,2,"?7,995.00",Woodland,7995,7995
Dual Tone Camel Casual Boots For Men,Men,1,"?4,497.00",Woodland,4497,4497
Men Suede Camel Casual Boots,Men,1,"?5,495.00",Woodland,5495,5495
Camel high ankle boot for men,Men,1,"?6,495.00",Woodland,6495,6495
Olive green Boot for Men,Men,2,"?5,995.00",Woodland,5995,5995
Beige Boots For Men,Men,1,"?4,797.00",Woodland,4797,4797
Olive Green Boots For Men,Men,2,"?4,797.00",Woodland,4797,4797
Burgundy Casual Boots For Men,Men,0,"?5,695.00",Woodland,5695,5695
Grey/Black Boot for Men,Men,2,"?7,995.00",Woodland,7995,7995
Black/Dgrey Boot for Men,Men,2,"?7,995.00",Woodland,7995,7995
Woodland Camel Casual Boots For Men,Men,1,"?5,295.00",Woodland,5295,5295
Camel lace-up boots for men,Men,1,"?5,495.00",Woodland,5495,5495
Olive Green Casual Boots For Men,Men,2,"?5,695.00",Woodland,5695,5695
Brown Boots for Men,Men,1,"?6,495.00",Woodland,6495,6495
Camel Nubuk Oily Polished Mens Boot,Men,1,"?3,247.00",Woodland,3247,3247
Lcigar Boot for Men,Men,0,"?7,197.00",Woodland,7197,7197
Navy Boots For Men,Men,1,"?5,995.00",Woodland,5995,5995
Brown Chelsea Boot for Men,Men,1,"?4,995.00",Woodland,4995,4995
Khaki Nubuk Oily Polished Mens Boot,Men,1,"?3,247.00",Woodland,3247,3247
Men Dubai Khaki Casual Boots,Men,1,"?5,495.00",Woodland,5495,5495
Mid Brown Boots For Men,Men,1,"?5,995.00",Woodland,5995,5995
Light Brown Chukka Boots for Men,Men,1,"?3,497.00",Woodland,3497,3497
Dubai Khaki lace-up boots for men,Men,1,"?5,495.00",Woodland,5495,5495
RB BROWN boots for men,Men,1,"?4,197.00",Woodland,4197,4197
Woodland Nubuk Black Casual Boots,Men,1,"?5,295.00",Woodland,5295,5295
Black high-top boot for men,Men,1,"?7,197.00",Woodland,7197,7197
Dark navy boots for men,Men,1,"?4,197.00",Woodland,4197,4197
Navy Green Luxury Boots For Men,Men,2,"?9,597.00",Woodland,9597,9597
Dtan Boot for Men,Men,1,"?7,197.00",Woodland,7197,7197
Olive Green hiking boot,Men,2,"?2,997.00",Woodland,2997,2997
Woodland Nubuk Dark Brown Casual Boots,Men,1,"?5,295.00",Woodland,5295,5295
Dtan high-top boot for men,Men,1,"?7,197.00",Woodland,7197,7197
Ltan Boot for Men,Men,1,"?6,295.00",Woodland,6295,6295
Woodland Camel Nubuck PDM2 Men Boots,Men,1,"?4,027.00",Woodland,4027,4027
Green Boots For Ladies,Women,1,"?14,995.00",Woodland,14995,14995
Octane Boots For Ladies,Women,1,"?8,997.00",Woodland,8997,8997
Khaki Boot for Women,Women,1,"?3,297.00",Woodland,3297,3297
Brown Boot for Women,Women,1,"?3,297.00",Woodland,3297,3297
Black Boots for Women,Women,1,"?9,995.00",Woodland,9995,9995
Desert Rose Boots for Women,Women,0,"?5,995.00",Woodland,5995,5995
Navy Boot for women,Women,1,"?15,995.00",Woodland,15995,15995
Navy Boots For Ladies,Women,1,"?14,995.00",Woodland,14995,14995
Wine Red Boots for Women,Women,1,"?9,995.00",Woodland,9995,9995
Navy/Pink Shoes for women,Women,2,"?4,497.00",Woodland,4497,4497
Black Boot for women,Women,1,"?9,995.00",Woodland,9995,9995
Canvas Green Boots for Women,Women,1,"?5,995.00",Woodland,5995,5995
Beige boot for women,Women,1,"?4,197.00",Woodland,4197,4197
Lgrey Boot for Women,Women,1,"?3,297.00",Woodland,3297,3297
Sandy Beige Boots for Women,Women,1,"?5,995.00",Woodland,5995,5995
Grey/Black Boot for women,Women,2,"?7,495.00",Woodland,7495,7495
Mud brown mid-calf boot,Women,1,"?9,497.00",Woodland,9497,9497
Camel boot for women,Women,1,"?4,197.00",Woodland,4197,4197
Black/Pink Boot for women,Women,2,"?7,495.00",Woodland,7495,7495
Lsnaype Boots for Women,Women,0,"?5,995.00",Woodland,5995,5995
Brown mid-calf boot for women,Women,1,"?9,497.00",Woodland,9497,9497
DROYAL BLUE boots for women,Women,1,"?2,473.00",Woodland,2473,2473
Brown boots for women,Women,1,"?13,995.00",Woodland,13995,13995
Pietra Ankle boot for women,Women,0,"?12,995.00",Woodland,12995,12995
Navy Boots for women,Women,1,"?7,497.00",Woodland,7497,7497
Mud brown high-top boot,Women,1,"?7,997.00",Woodland,7997,7997
Black knee high boots,Women,1,"?2,469.00",Woodland,2469,2469
Black Chelsea boot,Women,1,"?6,047.00",Woodland,6047,6047
Woodland DNavy boots for women,Women,1,"?2,473.00",Woodland,2473,2473
Grey Boot for women,Women,1,"?9,995.00",Woodland,9995,9995
Woodland Rusty red boots for women,Women,1,"?2,473.00",Woodland,2473,2473
Blue ugg boot,Women,1,"?1,484.00",Woodland,1484,1484
Columbia Men Black OmniMax Konos Trillium ATR Trail Running Shoes,Men,1,"? 11,999.00",Columbia,11999,11999
Columbia Men Blue OmniMax Konos Trillium ATR Trail Running Shoes,Men,1,"? 11,999.00",Columbia,11999,11999
Columbia Men Black OutDry Escape Thrive Titanium Hiking & Trekking Shoes (Fully Waterproof),Men,2,"? 14,999.00",Columbia,14999,14999
Columbia Men Green OmniMax Escape Thrive Titanium Hiking And Trekking Shoes,Men,2,"? 13,999.00",Columbia,13999,13999
Columbia Men Black OmniGrip Konos Elevate Trail Running Shoes,Men,1,"? 10,999.00",Columbia,10999,10999
Columbia Men White OmniGrip Konos Elevate Trail Running Shoes,Men,1,"? 10,999.00",Columbia,10999,10999
Columbia Men Olive Green Omni-Grip Terrastride BC Shoes,Men,2,"? 9,999.00",Columbia,9999,9999
Columbia Men Orange OmniGrip Konos Swift Trail Running Shoes,Men,1,"? 11,999.00",Columbia,11999,11999
Columbia Men Teal OutDry Konos TRS Hiking & Trekking Shoes (Fully Waterproof),Men,1,"? 13,999.00",Columbia,13999,13999
Columbia Men Off White OmniMax Escape Thrive Titanium Hiking And Trekking Shoes,Men,2,"? 13,999.00",Columbia,13999,13999
Columbia Men Grey OutDry Konos TRS Hiking & Trekking Shoes (Fully Waterproof),Men,1,"? 14,999.00",Columbia,14999,14999
Columbia Men Green OutDry Konos TRS Hiking & Trekking Shoes (Fully Waterproof),Men,1,"? 13,999.00",Columbia,13999,13999
Columbia Men Brown Omni-Grip Terrastride BC Shoes,Men,1,"? 9,999.00",Columbia,9999,9999
Columbia Men Black OmniGrip Konos Swift Trail Running Shoes,Men,1,"? 11,999.00",Columbia,11999,11999
Columbia Men Black KONOS TRS OUTDRY MID,Men,1,"? 14,999.00",Columbia,14999,14999
Columbia Men Black KONOS TRS OUTDRY,Men,1,"? 13,999.00",Columbia,13999,13999
Columbia Men Green EXPEDITIONIST SHIELD,Men,1,"? 16,999.00",Columbia,16999,16999
Columbia Men Brown PLATEAU VENTURE,Men,1,"? 8,999.00",Columbia,8999,8999
Columbia Men Orange MONTRAIL TRINITY AG,Men,1,"? 12,599.00",Columbia,12599,12599
Columbia Men Black TRAILSTORM ASCEND WP,Men,1,"? 11,999.00",Columbia,11999,11999
Columbia Men Blue HATANA MAX OUTDRY,Men,2,"? 11,999.00",Columbia,11999,11999
Columbia Men Beige FLOW FREMONT,Men,1,"? 9,999.00",Columbia,9999,9999
Columbia Men Grey PLATEAU,Men,1,"? 6,799.00",Columbia,6799,6799
Columbia Men Blue COLUMBIA VENT AERO,Men,1,"? 8,999.00",Columbia,8999,8999
Columbia Men Grey FLOW FREMONT,Men,1,"? 9,999.00",Columbia,9999,9999
Columbia Men Grey BOATSIDE RELAXED PFG,Men,1,"? 7,999.00",Columbia,7999,7999
Columbia Men Black TRAILSTORM PEAK MID,Men,1,"? 11,699.00",Columbia,11699,11699
Columbia Men Grey KONOS TRS,Men,1,"? 11,399.00",Columbia,11399,11399
Columbia Men Blue HOOD RIVER SLIDE,Men,1,"? 4,499.00",Columbia,4499,4499
Columbia Men Green KONOS TRS OUTDRY,Men,1,"? 13,999.00",Columbia,13999,13999
Columbia Men Black KONOS TRS,Men,1,"? 11,999.00",Columbia,11999,11999
Columbia Men Black KONOS LOW,Men,1,"? 9,499.00",Columbia,9499,9499
Columbia Men Navy Blue CASTBACK TC PFG,Men,2,"? 9,999.00",Columbia,9999,9999
Columbia Women Blue OmniMax Konos Trillium ATR Trail Running Shoes,Men,1,"? 10,999.00",Columbia,10999,10999
Columbia Women Beige OmniMax Konos Trillium ATR Trail Running Shoes,Men,1,"? 10,999.00",Columbia,10999,10999
Columbia Women Peach OmniMax Konos TRS Waterproof Hiking And Trekking Shoes,Men,0,"? 10,999.00",Columbia,10999,10999
Columbia Women White OmniGrip Konos Elevate Trail Running Shoes,Men,1,"? 9,999.00",Columbia,9999,9999
Columbia Men Brown Omni-Grip Boatside Relaxed PFG Water Shoes,Men,1,"? 7,999.00",Columbia,7999,7999
Columbia Men Dark Grey Omni-Max Konos Trillium ATR Trail Running Shoes,Men,1,"? 11,999.00",Columbia,11999,11999
Columbia Men Dark Grey Omni-Grip Konos Elevate Trail Running Shoes,Men,1,"? 10,999.00",Columbia,10999,10999
Columbia Men Teal Omni-Grip Konos Elevate Trail Running Shoes,Men,1,"? 10,999.00",Columbia,10999,10999
Columbia Men Grey OmniMax Konos TRS Waterproof Hiking And Trekking Shoes,Men,1,"? 14,999.00",Columbia,14999,14999
Columbia Men Green OmniMax Escape Thrive Titanium Waterproof Hiking And Trekking Shoes,Men,2,"? 14,999.00",Columbia,14999,14999
Columbia Men Off White OmniMax Konos TRS Waterproof Hiking And Trekking Shoes,Men,1,"? 13,999.00",Columbia,13999,13999
Columbia Men Black BUGABOOT III X,Men,1,"? 13,999.00",Columbia,13999,13999
Columbia Men White KONOS TRS,Men,1,"? 11,999.00",Columbia,11999,11999
Columbia Women Beige OmniMax Escape Thrive Titanium Waterproof Hiking And Trekking Shoes,Women,2,"? 13,999.00",Columbia,13999,13999
Columbia Women Blue OmniMax Konos Trillium ATR Trail Running Shoes,Women,1,"? 10,999.00",Columbia,10999,10999
Columbia Women Black OmniMax Konos TRS Waterproof Hiking And Trekking Shoes,Women,1,"? 10,999.00",Columbia,10999,10999
Columbia Women Beige OmniMax Konos Trillium ATR Trail Running Shoes,Women,1,"? 10,999.00",Columbia,10999,10999
Columbia Women Peach OmniMax Konos TRS Waterproof Hiking And Trekking Shoes,Women,0,"? 10,999.00",Columbia,10999,10999
Columbia Women Blue OmniMax Escape Thrive Titanium Waterproof Hiking And Trekking Shoes,Women,2,"? 13,999.00",Columbia,13999,13999
Columbia Women White OmniGrip Konos Elevate Trail Running Shoes,Women,1,"? 9,999.00",Columbia,9999,9999
Columbia Women Black OutDry Konos TRS Hiking & Trekking Shoes (Fully Waterproof),Women,1,"? 11,999.00",Columbia,11999,11999
Columbia Women Black OutDry Escape Thrive Titanium Hiking & Trekking Shoes (Fully Waterproof),Women,2,"? 13,999.00",Columbia,13999,13999
Columbia Women Grey OutDry Konos TRS Hiking & Trekking Shoes (Fully Waterproof),Women,1,"? 11,999.00",Columbia,11999,11999
Columbia Women Grey Omni-Max Konos Trillium ATR Trail Running Shoes,Women,1,"? 10,999.00",Columbia,10999,10999
Columbia Women Blue OutDry Konos TRS Hiking & Trekking Shoes (Fully Waterproof),Women,1,"? 10,999.00",Columbia,10999,10999
Columbia Women Grey OmniGrip Konos Elevate Trail Running Shoes,Women,1,"? 9,999.00",Columbia,9999,9999
Columbia Women Red Omni-Max Konos Trillium ATR Trail Running Shoes,Women,1,"? 10,999.00",Columbia,10999,10999
Columbia Women Red Omni-Grip Konos Elevate Trail Running Shoes,Women,1,"? 9,999.00",Columbia,9999,9999
Columbia Women Brown PLATEAU VENTURE,Women,1,"? 7,999.00",Columbia,7999,7999
Columbia Women Navy Blue TRAILSTORM BEYOND,Women,2,"? 6,299.00",Columbia,6299,6299
Columbia Women Navy Blue NOVO TRAIL,Women,2,"? 6,999.00",Columbia,6999,6999
Columbia Women Black SH/FT OUTDRY MID,Women,1,"? 11,899.00",Columbia,11899,11899
Columbia Women Black COLUMBIA VENT AERO,Women,1,"? 7,199.00",Columbia,7199,7199
Columbia Women Black FACET 75 ALPHA OUTDRY,Women,1,"? 17,999.00",Columbia,17999,17999
Columbia Women Purple PLATEAU VENTURE,Women,1,"? 7,999.00",Columbia,7999,7999
Columbia Women Beige PLATEAU VENTURE,Women,1,"? 7,999.00",Columbia,7999,7999
Columbia Women Grey TRAILSTORM PEAK MID,Women,1,"? 12,999.00",Columbia,12999,12999
Columbia Women Green COLUMBIA VENT AERO,Women,1,"? 7,199.00",Columbia,7199,7199
Columbia Women White HOOD RIVER SLIDE,Women,1,"? 2,599.00",Columbia,2599,2599
Columbia Women Off White OmniMax Konos TRS Waterproof Hiking And Trekking Shoes,Women,1,"? 11,999.00",Columbia,11999,11999
Columbia Women Grey HATANA BREATHE,Women,2,"? 9,999.00",Columbia,9999,9999
Columbia Women Black TRAILSTORM ASCEND WP,Women,1,"? 10,999.00",Columbia,10999,10999
Columbia Women Blue FACET 75 OUTDRY,Women,1,"? 14,999.00",Columbia,14999,14999
Columbia Women Pink SUN TREK FLIP,Women,1,"? 1,999.00",Columbia,1999,1999
Extrinsic Men's Training Shoes,Men,1,?4799,Puma,4799,4799
Galaxis Pro Men's Running Shoes,Men,5,?3849,Puma,3849,3849
Court Shatter Men's Sneakers,Men,5,?3499,Puma,3499,3499
UltraRide Men's Running Shoes,Men,3,?4949,Puma,4949,4949
FusionPro Men's Running Shoes,Men,3,?3599,Puma,3599,3599
Deviate NITROÖ Elite 4 Men's Running Shoes,Men,3,?21999,Puma,21999,21999
FAST-R NITROÖ Elite 3 Men's Road Running Shoes,Men,2,?23999,Puma,23999,23999
Cricket Square Men's Shoes,Men,3,?2999,Puma,2999,2999
Deviate NITROÖ 4 Men's Road Running Shoes,Men,8,?16999,Puma,16999,16999
Scorch Whizz Street Men's Running Shoes,Men,2,?2114,Puma,2114,2114
Cricket Strike Men's Shoes,Men,2,?2384,Puma,2384,2384
Propio NITROÖ Men's Road Running Shoes,Men,4,?8249,Puma,8249,8249
Fast-Trac NITROÖ 4 Men's Trail Running Shoes,Men,2,?11999,Puma,11999,11999
Voyage NITROÖ 4 Men's Running Shoes,Men,1,?14999,Puma,14999,14999
Softride Pro Dynamic Flex Men's Running Shoes,Men,3,?3500,Puma,3500,3500
MagMax NITROÖ 2 Men's Road Running Shoes,Men,6,?16999,Puma,16999,16999
Smooth Walk Men's Walking Shoes,Men,1,?2249,Puma,2249,2249
Velocity NITROÖ 4 Men's Road Running Shoes,Men,7,?11999,Puma,11999,11999
PUMAQuestBlitz 2.0 Men's Comfortable Grip Running Shoes,Men,2,?5499,Puma,5499,5499
PUMA x ASTON MARTIN ARAMCO F1« TEAM Inverse Men's Sneakers,Men,2,?11999,Puma,11999,11999
Softride Pro Echo Consonance Men's Running Shoes,Men,2,?5999,Puma,5999,5999
PUMA x ASTON MARTIN ARAMCO F1« TEAM Fade NITROÖ Men's Sneakers,Men,2,?10999,Puma,10999,10999
Slipstream Always On Men's Leather Sneakers,Men,3,?8999,Puma,8999,8999
Dezhyphr Men's Sneakers,Men,3,?7999,Puma,7999,7999
Scend Pro HeatStride Men's Running Shoes,Men,2,?6999,Puma,6999,6999
Seriah Men's Running Shoes,Men,2,?5499,Puma,5499,5499
Pint Men's Sneakers,Men,1,?2364,Puma,2364,2364
Keftrun Men's Sneakers,Men,1,?2699,Puma,2699,2699
Scuderia Ferrari Hypnotic Men's Stylish Low Sneakers,Men,2,?7999,Puma,7999,7999
QuestBlitz Lander Men's Running Shoes,Men,1,?7499,Puma,7499,7499
PUMA Retrace Men's Casual Sneakers,Men,1,?5499,Puma,5499,5499
Velocity NITROÖ 4 Men's Road Running Wide Shoes,Men,1,?11999,Puma,11999,11999
Pulsion? Men's Sneakers,Men,2,?4999,Puma,4999,4999
Magnify NITROÖ 3 Men's Road Running Shoes,Men,4,?14999,Puma,14999,14999
Softride Pro Echo BlareGravi Men's Running Shoes,Men,2,?7499,Puma,7499,7499
ForeverRun NITROÖ 2 Men's Road Running Shoes,Men,5,?13999,Puma,13999,13999
Walk Max Men's Walking Shoes,Men,1,?2249,Puma,2249,2249
Widerer Men's Running Shoes,Men,1,?2499,Puma,2499,2499
Deviate NITROÖ 3 Ekiden Men's Running Shoes,Men,1,?15999,Puma,15999,15999
Scuderia Ferrari Trinity Men's Sneakers,Men,2,?5399,Puma,5399,5399
Deviate NITROÖ 4  Wide Men's Running Shoes,Men,3,?16999,Puma,16999,16999
ForeverRun NITROÖ 2 Men's Road Running Wide Shoes,Men,2,?13999,Puma,13999,13999
Swift Pulse Men's Training Shoes,Men,2,?3499,Puma,3499,3499
Propio NITROÖ 3 Ekiden Men's Running Shoes,Men,1,?10999,Puma,10999,10999
ForeverRun NITROÖ 2 Men's Running Shoes,Men,1,?14999,Puma,14999,14999
ForeverRun NITROÖ Men's Road Running Shoes,Men,1,?15999,Puma,15999,15999
Cell Fraction Fade Men's Running Shoes,Men,2,?3999,Puma,3999,3999
Razz Men's Running Shoes,Men,1,?2999,Puma,2999,2999
Cirque Slip-On Men's Shoes,Men,2,?3799,Puma,3799,3799
Questblitz Mid Men's Running Shoes,Men,2,?3499,Puma,3499,3499
SOFTRIDE Vital Engineered Mesh Men's Running Shoes,Men,1,?4999,Puma,4999,4999
Anzarun Camo Men's Lightweight Casual Shoes,Men,1,?4999,Puma,4999,4999
PUMA x HYROX Deviate NITROÖ Elite 4 Men's Running Shoes,Men,1,?21999,Puma,21999,21999
Calit Men's Running Shoes,Men,2,?5499,Puma,5499,5499
Bazin Men's Running Shoes,Men,1,?3999,Puma,3999,3999
Porsche Sport XETIC V Men's Leather Sneakers,Men,1,?19999,Puma,19999,19999
Scorch Runner V2 Men's Running Shoes,Men,1,?2499,Puma,2499,2499
Softride Rift Men's Running Shoes,Men,1,?3599,Puma,3599,3599
Grasp Men's Shoes,Men,1,?2249,Puma,2249,2249
Skyrocket Lite Men's Running Shoes,Men,1,?2599,Puma,2599,2599
Softride Rift Zensole Men's Running Shoes,Men,1,?3299,Puma,3299,3299
ATTACANTO II Men's Lightweight FG/AG Football Shoes,Men,3,?4499,Puma,4499,4499
Flyer Runner Engineered Knit Men's Shoes,Men,2,?3134,Puma,3134,3134
Softride Pro Dynamic Flex Men's Slip-On Running Shoes,Men,1,?4999,Puma,4999,4999
Vitality Connect Men's Running Shoes,Men,2,?4499,Puma,4499,4499
Men's Electron 2.0 Sneakers,Men,1,?3299,Puma,3299,3299
PUMA x HYROX Deviate NITROÖ 4 Men's Running Shoes,Men,1,?16999,Puma,16999,16999
Speedcat Premium Sneakers,Men,1,?8799,Puma,8799,8799
Cell Thrill Res Men's Running Shoes,Men,2,?5499,Puma,5499,5499
LQDCELL Method Men's Training Shoes,Men,1,?4199,Puma,4199,4199
Scuderia Ferrari Drift Cat 11 Men's Sneakers,Men,2,?4799,Puma,4799,4799
Incinerate Running Shoes,Men,1,?4999,Puma,4999,4999
Exotine 3.0 Men's Running Shoes,Men,1,?4499,Puma,4499,4499
Robust V2 Men's Shoes,Men,1,?2249,Puma,2249,2249
Rapid Flow V1 Men's Running Shoes,Men,1,?3999,Puma,3999,3999
MagMax NITROÖ Men's Maximum Cushioning Running Shoes,Men,2,?16999,Puma,16999,16999
Softride Rift Jolt Punch Men's Running Shoes,Men,1,?3134,Puma,3134,3134
Trinity Mid Hybrid Men's Lightweight Sneakers,Men,1,?5848,Puma,5848,5848
Electrify NITROÖ 4 Men's Running Shoes,Men,2,?8999,Puma,8999,8999
Foam Stride Men's Running Shoes,Men,1,?2249,Puma,2249,2249
Resolve Modern Running Shoes,Men,1,?3999,Puma,3999,3999
Cirque Men's Slip-On Shoes,Men,1,?3799,Puma,3799,3799
Scorch Mark Slip On Men's Running Shoes,Men,1,?3134,Puma,3134,3134
Electron 2.0 Sport Men's Sneakers,Men,1,?3849,Puma,3849,3849
Smash Pop Men's Sneakers,Men,1,?3999,Puma,3999,3999
Rideric Men's Sneakers,Men,1,?2249,Puma,2249,2249
PUMA x HYROX Velocity NITROÖ 4 Men's Running Shoes,Men,1,?11999,Puma,11999,11999
Electrify NITROÖ 4 Men's Trail Running Shoes,Men,1,?8099,Puma,8099,8099
Deviate NITROÖ Elite 3 Men's Road Running Shoes,Men,1,?19999,Puma,19999,19999
Velocity NITROÖ 4 HYROX Men's Running Shoes,Men,1,?12999,Puma,12999,12999
Deviate NITROÖ 3 Men's Running Shoes,Men,4,?14399,Puma,14399,14399
Cricket High Run Men's Shoes,Men,2,?3499,Puma,3499,3499
Quest X Men's Running Shoes,Men,1,?4199,Puma,4199,4199
PWRFrame TR 3 Men's Training Shoes,Men,1,?5039,Puma,5039,5039
Deviate NITROÖ 3 Wide Men's Running Shoes,Men,2,?14399,Puma,14399,14399
Deviate NITROÖ DIGITOKYO Men's Running Shoes,Men,1,?14399,Puma,14399,14399
RBD Game Court- Z Mid Men's Sneakers,Men,1,?5599,Puma,5599,5599
Softride Frequence Street Women's Running Shoes,Women,3,?4199,Puma,4199,4199
Speedcat Suede Ballet Women's Shoes,Women,5,?6999,Puma,6999,6999
Mayze Lux Women's Sneakers,Women,1,?3759,Puma,3759,3759
SOFTRIDE Mayve Women's Running Shoes,Women,5,?5499,Puma,5499,5499
Mayze Classic Women's Sneakers,Women,1,?3759,Puma,3759,3759
Mayze Leather Women's Sneakers,Women,2,?3599,Puma,3599,3599
FAST-R NITROÖ Elite 3 Women's Running Shoes,Women,2,?23999,Puma,23999,23999
MagMax NITROÖ 2 Women's Running Shoes,Women,4,?16999,Puma,16999,16999
Deviate NITROÖ 3 WIDE Women's Running Shoes,Women,1,?14399,Puma,14399,14399
PWR Hybrid Women's Training Shoes,Women,2,?5599,Puma,5599,5599
Velocity NITROÖ 4 HYROX Women's Running Shoes,Women,1,?12999,Puma,12999,12999
Magnify NITROÖ 3 Women's Running Shoes,Women,4,?12749,Puma,12749,12749
Deviate NITROÖ Elite 4 Women's Running Shoes,Women,1,?21999,Puma,21999,21999
Maxima Pro Women's Running Shoes,Women,3,?7999,Puma,7999,7999
MagMax NITROÖ Women's Maximum Cushioning Running Shoes,Women,4,?16999,Puma,16999,16999
Deviate NITROÖ 4 Women's Road Running Shoes,Women,5,?16999,Puma,16999,16999
Velocity NITROÖ 4 Women's Running Shoes,Women,6,?11999,Puma,11999,11999
Propio NITROÖ Women's Running Shoes,Women,1,?8249,Puma,8249,8249
Speedcat Ballet Women's Metallic Shoes,Women,2,?6999,Puma,6999,6999
Palermo Moda Women's Leather Sneakers,Women,2,?6999,Puma,6999,6999
SOFTRIDE Remi Women's Running Shoes,Women,2,?3599,Puma,3599,3599
Seriah Women's Running Shoes,Women,2,?4499,Puma,4499,4499
ForeverRun NITROÖ 2 Women's Stability Running Shoes,Women,1,?14999,Puma,14999,14999
Softride Frequence Women's Running Shoes,Women,2,?7999,Puma,7999,7999
ForeverRun NITROÖ 2 Wide Women's Running Shoes,Women,1,?13999,Puma,13999,13999
ForeverRun NITROÖ 2 Women's Running Shoes,Women,5,?14999,Puma,14999,14999
Accelerate NITRO SQD Women's High-Rebound Indoor Shoes,Women,1,?12999,Puma,12999,12999
NOVA Elite Women's Padel Boots,Women,1,?11999,Puma,11999,11999
PWR NITROÖ SQD 2 Women's Training Shoes,Women,3,?11699,Puma,11699,11699
PUMA x HYROX Velocity NITROÖ 4 Women's Running Shoes,Women,1,?11999,Puma,11999,11999
Velocity NITROÖ 2 WTR Women's Running Shoes,Women,1,?11699,Puma,11699,11699
Deviate NITROÖ 3 Women's Running Shoes,Women,4,?14399,Puma,14399,14399
SOFTRIDE Posse Women's Slip-On Shoes,Women,2,?3134,Puma,3134,3134
ForeverRun NITROÖ Knit Women's Running Shoes,Women,2,?13499,Puma,13499,13499
Electrify NITROÖ 4 Women's Everyday Running Shoes,Women,3,?8999,Puma,8999,8999
PUMA x HYROX Deviate NITROÖ Elite 4 Women's Running Shoes,Women,1,?21999,Puma,21999,21999
Deviate NITROÖ Elite Women's Trail Running Shoes,Women,1,?20999,Puma,20999,20999
ForeverRun NITROÖ Women's Running Shoes,Women,3,?13499,Puma,13499,13499
Deviate NITRO 3 HYROX Women's Max Cushion Running Shoes,Women,1,?14399,Puma,14399,14399
SOFTRIDE Frequence Women's Running Shoes,Women,1,?7999,Puma,7999,7999
Cali Court Match Women's Sneakers,Women,1,?3999,Puma,3999,3999
Electrify NITROÖ 4 Women's Running Shoes,Women,2,?8099,Puma,8099,8099
Deviate NITROÖ Elite 3 HYROX Women's Running Shoes,Women,1,?19999,Puma,19999,19999
Deviate NITROÖ 4 HYROX Women's Running Shoes,Women,1,?16999,Puma,16999,16999
Electrify NITROÖ 3 Knit Women's Running Shoes,Women,1,?5999,Puma,5999,5999
Electrify NITROÖ 2 Women's Running Shoes,Women,1,?9899,Puma,9899,9899
SOFTRIDE Sway Women's Running Shoes,Women,1,?3849,Puma,3849,3849
PUMA x FIRST MILE Velocity NITROÖ 2 Women's Running Shoes,Women,1,?11699,Puma,11699,11699
X-Cell Nova CAT Women's Everyday Running Shoes,Women,1,?3849,Puma,3849,3849
Velocity NITROÖ 2 Women's Running Shoes,Women,1,?11999,Puma,11999,11999
Deviate NITROÖ Elite 3 Women's Running Shoes,Women,2,?19999,Puma,19999,19999
Deviate NITROÖ 3 Marathon Series Women's Running Shoes,Women,1,?14399,Puma,14399,14399
Lajla Clean Women's Sneakers,Women,1,?8999,Puma,8999,8999
Lex Women's Training Shoes,Women,1,?3599,Puma,3599,3599
Deviate NITROÖ Elite 3 Ekiden Women's Running Shoes,Women,1,?21999,Puma,21999,21999
Deviate NITROÖ DIGITOKYO Women's Running Shoes,Women,1,?14399,Puma,14399,14399
Solar Women's Comfort Cushion Running Shoes,Women,1,?8999,Puma,8999,8999
Softride Remi Slip-On Knit Women's Running Shoes,Women,1,?4499,Puma,4499,4499
Blktop Rider Vibrant Women's Sneakers,Women,1,?4499,Puma,4499,4499
Smashic Women's Comfort Casual Sneakers,Women,4,?2024,Puma,2024,2024
Speedcat Ballet Venus Women's Shiny Shoes,Women,2,?6999,Puma,6999,6999
Galaxis Pro Women's Performance Boost Running Shoes,Women,3,?3499,Puma,3499,3499
Carina Slim Perf Women's Sneakers,Women,3,?2024,Puma,2024,2024
Speedcat Elevated Women's Sneakers,Women,1,?9999,Puma,9999,9999
Softride Cushioned Women Comfort Shoes,Women,4,?5599,Puma,5599,5599
Adelina Women's Ballerina Shoes,Women,6,?1999,Puma,1999,1999
Speedcat Ballet Women's Leather Shoes,Women,1,?6999,Puma,6999,6999
Cruise Rider Silk Road Women's Sneakers,Women,6,?7499,Puma,7499,7499
X- Ray Airflex Women's Sneakers,Women,3,?4999,Puma,4999,4999
RS-X Soft Women's Sneakers,Women,2,?5999,Puma,5999,5999
Cell Thrill Women's Comfort Running Shoes,Women,2,?5499,Puma,5499,5499
Tori Pixie Femme Women's Casual Sneakers,Women,3,?3599,Puma,3599,3599
Cali Court Luxe Women's Sneakers,Women,1,?4799,Puma,4799,4799
Speedcat Seoul Women's Sneakers,Women,1,?10399,Puma,10399,10399
Mostro Anodized Women's Shimmery Sneakers,Women,2,?8999,Puma,8999,8999
Speedcat Zebra Women's Sneakers,Women,1,?8799,Puma,8799,8799
Speedcat Go Women's Shoes,Women,2,?7999,Puma,7999,7999
Adelina 2 Women's Ballerina Shoes,Women,3,?3999,Puma,3999,3999
Mostro Move Venus Women's Slip-On Sneakers,Women,2,?8999,Puma,8999,8999
Tori Pixie V1 Women's All-day Comfort Sneakers,Women,2,?4799,Puma,4799,4799
Style Rider Lumi Women's Colorblock Sneakers,Women,1,?5999,Puma,5999,5999
Inverse Mosaic Women's Sneakers,Women,2,?10999,Puma,10999,10999
Speedcat Pearlized Women's Ballet Shoes,Women,1,?8999,Puma,8999,8999
Speedcat Paris Women's Sneakers,Women,1,?10399,Puma,10399,10399
Palermo Elevata Women's Leather Sneakers,Women,3,?7999,Puma,7999,7999
Carina Leather SoftFoam Women's Sneakers,Women,1,?3359,Puma,3359,3359
Velocity NITRO 4 Women's Running Shoes,Women,2,?11999,Puma,11999,11999
Softride Sophia 2 Women's Slip-On Shoes,Women,3,?5499,Puma,5499,5499
Cirque Slip-On Women's Shoes,Women,2,?3799,Puma,3799,3799
GO WALK FLEX,Men,0,"?2,449.00 - ?3,249.00",Skechers,2449,3249
GO RUN CONSISTENT,Men,0,"?2,624.00 - ?4,799.00",Skechers,2624,4799
GO WALK ARCH FIT 2,Men,0,"?9,999.00",Skechers,9999,9999
GO RUN NOW - STOVER,Men,0,"?5,599.00",Skechers,5599,5599
SWITCH BACK - VENTURE SEEKER,Men,0,"?4,799.00",Skechers,4799,4799
UNO LITE - LIGHTER ONE,Men,0,"?4,199.00",Skechers,4199,4199
VAPOR FOAM - OXULUS,Men,0,"?4,199.00",Skechers,4199,4199
GO RUN VELOCITY,Men,0,"?6,499.00",Skechers,6499,6499
HOTSHOT - RELEGATE,Men,0,"?7,999.00",Skechers,7999,7999
GO WALK 7,Men,0,"?6,399.00 - ?8,499.00",Skechers,6399,8499
D'LUX VAPOR - HEVELL,Men,0,"?5,999.00 - ?7,499.00",Skechers,5999,7499
KOOPA,Men,0,"?4,199.00 - ?5,599.00",Skechers,4199,5599
SKECHERS VIPER COURT RALLY,Men,0,"?6,999.00",Skechers,6999,6999
GO WALK 7 - FREE HAND 2,Men,0,"?8,999.00",Skechers,8999,8999
GO WALK 7 - CONFORMITY,Men,0,"?9,999.00",Skechers,9999,9999
SHOE CARE GIFT SET - BAG,Men,0,"?1,599.00",Skechers,1599,1599
MAX CUSHIONING ARCH FIT 2,Men,0,"?10,999.00",Skechers,10999,10999
SKECHERS AERO PULSE,Men,0,"?10,999.00",Skechers,10999,10999
SPORT COURT 92,Men,0,"?3,599.00",Skechers,3599,3599
ULTRA FLEX,Men,0,"?4,399.00 - ?5,499.00",Skechers,4399,5499
DELSON 3.0 - LAVELL,Men,0,"?4,899.00 - ?6,999.00",Skechers,4899,6999
MAX CUSHIONING ELITE,Men,0,"?5,399.00",Skechers,5399,5399
SUMMITS - ARTISTRY CHIC,Women,0,"?2,499.00 - ?2,623.00",Skechers,2499,2623
GO RUN CONSISTENT 2,Women,0,"?3,499.00 - ?4,199.00",Skechers,3499,4199
GO WALK FLEX,Women,0,"?2,624.00",Skechers,2624,2624
SEAGER,Women,0,"?2,449.00 - ?2,749.00",Skechers,2449,2749
ON-THE-GO 600 - SUNNY,Women,0,"?2,599.00",Skechers,2599,2599
SUMMITS - TOP PLAYER,Women,0,"?2,579.00",Skechers,2579,2579
MAX CUSHIONING ELITE 2.0 - ET,Women,0,"?9,999.00",Skechers,9999,9999
GO RUN ELEVATE,Women,0,"?3,599.00 - ?5,999.00",Skechers,3599,5999
GO WALK 6 - OCEAN SPLASH,Women,0,"?3,749.00",Skechers,3749,3749
ON-THE-GO 600,Women,0,"?2,599.00",Skechers,2599,2599
GO WALK 8 - NOVA,Women,0,"?8,999.00",Skechers,8999,8999
GO RUN 400,Women,0,"?2,499.00 - ?2,623.00",Skechers,2499,2623
GO WALK FLEX - NOVA,Women,0,"?7,499.00",Skechers,7499,7499
GO WALK ARCH FIT 2.0 - VAL,Women,0,"?9,999.00",Skechers,9999,9999
Air Jordan 1 Low,Men,0,"?8,995",Nike,8995,8995
Nike Downshifter 14,Men,0,"?4,895",Nike,4895,4895
AIR FORCE 1 '07 NN,Men,0,"?11,895",Nike,11895,11895
Nike Quest 6,Men,0,"?7,095",Nike,7095,7095
Air Jordan 1 Mid SE,Men,0,"?12,295",Nike,12295,12295
Air Jordan 1 Mid,Men,0,"?11,495",Nike,11495,11495
Nike Air Force 1 '07 Premium,Men,0,"?11,895",Nike,11895,11895
Nike Court Vision Low Next Nature,Men,0,"?4,995",Nike,4995,4995
Nike Run Defy,Men,0,"?3,995",Nike,3995,3995
Nike Precision 8 MID,Men,0,"?6,295",Nike,6295,6295
Air Jordan 1 Low SE,Men,0,"?12,795",Nike,12795,12795
Nike Dunk Low Retro Premium,Men,0,"?10,795",Nike,10795,10795
Nike Dunk Low Retro SE,Men,0,"?10,795",Nike,10795,10795
Nike C1TY 'Surplus',Men,0,"?8,695",Nike,8695,8695
Nike Journey Run,Men,0,"?8,495",Nike,8495,8495
Nike Killshot 2 Leather,Men,0,"?7,995",Nike,7995,7995
Nike Victori One,Men,0,"?2,095",Nike,2095,2095
Nike Court Vision Mid Next Nature,Men,0,"?5,995",Nike,5995,5995
Nike Air Max Bia,Men,0,"?7,995",Nike,7995,7995
Nike P-6000,Men,0,"?9,695",Nike,9695,9695
Nike Air Max Moto 2K,Men,0,"?11,495",Nike,11495,11495
Air Force 1 '07 LV8,Men,0,"?10,795",Nike,10795,10795
Nike Vomero Premium SP,Men,0,"?19,695",Nike,19695,19695
Nike Air Max 95 'Big Bubble',Men,0,"?15,995",Nike,15995,15995
LeBron Witness IX EP,Men,0,"?8,695",Nike,8695,8695
Nike Air Max Excee,Men,0,"?8,695",Nike,8695,8695
Nike Precision 7,Men,0,"?5,695",Nike,5695,5695
Nike Dunk Low Retro,Men,0,"?8,295",Nike,8295,8295
Nike Air Max Alpha Trainer 6,Men,0,"?8,495",Nike,8495,8495
Nike LD-1000,Men,0,"?8,695",Nike,8695,8695
Nike Promina,Men,0,"?4,995",Nike,4995,4995
Nike Pegasus 41,Men,0,"?7,137",Nike,7137,7137
Nike Zoom Vomero 5,Men,0,"?14,995",Nike,14995,14995
Nike SB Vertebrae,Men,0,"?7,495",Nike,7495,7495
Nike Air Force 1 '07,Men,0,"?10,795",Nike,10795,10795
Nike Air Max 90,Men,0,"?10,795",Nike,10795,10795
Nike Winflo 11,Men,0,"?8,695",Nike,8695,8695
Nike Structure 26,Men,0,"?11,895",Nike,11895,11895
Nike Court Vision Low,Men,0,"?7,095",Nike,7095,7095
Nike Metro Tek,Men,0,"?6,495",Nike,6495,6495
Nike Air Max Invigor,Men,0,"?7,495",Nike,7495,7495
Nike Killshot 2,Men,0,"?8,595",Nike,8595,8595
Nike Air Max Torch 4,Men,0,"?7,495",Nike,7495,7495
Nike Court Shot,Men,0,"?6,295",Nike,6295,6295
Nike Dunk Low Retro SE Leather/Suede,Men,0,"?10,795",Nike,10795,10795
Nike Initiator,Men,0,"?7,495",Nike,7495,7495
Nike C1TY Premium,Men,0,"?9,695",Nike,9695,9695
AIR JORDAN 1 RETRO LOW OG,Men,0,"?14,995",Nike,14995,14995
Nike Air Max 95 Big Bubble,Men,0,"?17,495",Nike,17495,17495
Nike Air Max 95 Big Bubble Leather,Men,0,"?17,495",Nike,17495,17495
"Nike Air Max 90 Premium 'Valentine's Day""",Men,0,"?12,795",Nike,12795,12795
Nike P-6000 Premium CORDURA,Men,0,"?9,695",Nike,9695,9695
Nike Pacific,Men,0,"?6,295",Nike,6295,6295
Air Jordan 1 Retro High OG,Men,0,"?16,995",Nike,16995,16995
Nike SB Zoom Janoski OG+,Men,0,"?8,595",Nike,8595,8595
Nike Court Borough Low Premium,Men,0,"?6,295",Nike,6295,6295
Nike Full Force Low,Men,0,"?8,495",Nike,8495,8495
Nike Ava X,Men,0,"?10,795",Nike,10795,10795
Nike LD-1000 LNY,Men,0,"?9,695",Nike,9695,9695
Nike P-6000 SE,Men,0,"?9,695",Nike,9695,9695
Nike Air Max LTD 3,Men,0,"?10,795",Nike,10795,10795
Nike Air Max SC,Men,0,"?5,995",Nike,5995,5995
Nike C1TY,Men,0,"?8,695",Nike,8695,8695
Nike Air Trainer Huarache,Men,0,"?15,995",Nike,15995,15995
Nike Air Force 1 '07 Texture,Men,0,"?9,695",Nike,9695,9695
Nike Air Max Phoenix,Men,0,"?13,995",Nike,13995,13995
Nike Free 2025,Men,0,"?8,695",Nike,8695,8695
Nike V5 RNR,Men,0,"?7,995",Nike,7995,7995
Nike P-6000 Suede,Men,0,"?9,695",Nike,9695,9695
Nike Court Borough Low Recraft,Women,0,"?3,795",Nike,3795,3795
Nike Flex Runner 4,Women,0,"?3,495",Nike,3495,3495
Nike Swoosh 1,Women,0,"?4,595",Nike,4595,4595
Nike Vomero 18,Women,0,"?9,995",Nike,9995,9995
Nike Air Max Nova,Women,0,"?5,995",Nike,5995,5995
Nike Star Runner 5,Women,0,"?4,695",Nike,4695,4695
Nike Sportswear,Women,0,"?1,495",Nike,1495,1495
Nike Multi,Women,0,"?1,395",Nike,1395,1395
Nike Gym Club,Women,0,"?2,295",Nike,2295,2295
Nike Brasilia,Women,0,"?2,295",Nike,2295,2295
Nike Classic,Women,0,"?1,995",Nike,1995,1995
Nike Brasilia JDI,Women,0,"?1,595",Nike,1595,1595
Nike Club,Women,0,?795,Nike,795,795
Older Kids' Backpack (20L),Women,0,"?2,295",Nike,2295,2295
Nike Air Max 90 SE,Women,0,"?9,295",Nike,9295,9295
STITCHES LOW EM (GS),Women,0,"?9,295",Nike,9295,9295
Nike Sportswear Club Fleece,Women,0,"?2,495",Nike,2495,2495
Nike Pro,Women,0,"?1,795",Nike,1795,1795
Nike Miler,Women,0,"?1,495",Nike,1495,1495
Air Jordan 5 Retro,Women,0,"?10,995",Nike,10995,10995
Nike Sonic Fly,Women,0,"?5,595",Nike,5595,5595
Nike Air Force 1 LV8,Women,0,"?8,095",Nike,8095,8095
Nike Air Force 1 LE,Women,0,"?6,295",Nike,6295,6295
Kids' Backpack,Women,0,"?2,995",Nike,2995,2995
Nike Air Max Invigor,Women,0,"?6,995",Nike,6995,6995
Nike P-6000,Women,0,"?6,995",Nike,6995,6995
Nike Air Max 90 LTR,Women,0,"?7,495",Nike,7495,7495
Nike Kobe Older Kids' Dri-FIT Max90 T-Shirt,Women,0,"?1,695",Nike,1695,1695
Sold Out,Women,0,"?8,495",Nike,8495,8495
Samba OG Shoes,Men,0,?5599.50,Adidas,5599.5,5599.5
Duramo SL Shoes,Men,0,?2400.00,Adidas,2400,2400
Cloudfoam Go Lounger Shoes,Men,0,?3039.50,Adidas,3039.5,3039.5
Handball Spezial Shoes,Men,0,?3679.50,Adidas,3679.5,3679.5
FLEECEWALK SHOES,Men,0,?12599.50,Adidas,12599.5,12599.5
CORE LINEAR STUNICON SHOES,Men,0,?3839.50,Adidas,3839.5,3839.5
SnugPro Running Shoes,Men,0,?3299.50,Adidas,3299.5,3299.5
CLEAR FACTOR SHOES,Men,0,?3009.50,Adidas,3009.5,3009.5
JAUNTZA SHOES,Men,0,?4499.50,Adidas,4499.5,4499.5
AMALGO SHOES,Men,0,?6299.50,Adidas,6299.5,6299.5
ADI RUDH SHOES,Men,0,?4799.50,Adidas,4799.5,4799.5
ULTRABOOST 1.0 SHOES,Men,0,?5999.50,Adidas,5999.5,5999.5
JOLT RUNNER SHOES,Men,0,?8999.50,Adidas,8999.5,8999.5
ULTRA RESPONSE SHOES,Men,0,?3959.50,Adidas,3959.5,3959.5
ZAPCORE SHOES,Men,0,?4199.50,Adidas,4199.5,4199.5
STEP N PACE SHOES,Men,0,?4799.50,Adidas,4799.5,4799.5
COURT RAGE SHOES,Men,0,?4799.50,Adidas,4799.5,4799.5
Ultraboost 5 Shoes,Men,0,?4799.50,Adidas,4799.5,4799.5
SEIZE THE STREET SHOES,Men,0,?9599.50,Adidas,9599.5,9599.5
ADVANTAGE BASE SHOES,Men,0,?5599.50,Adidas,5599.5,5599.5
Comfort Walk Shoes,Men,0,?8399.50,Adidas,8399.5,8399.5
AXELATE SHOES,Men,0,?6399.50,Adidas,6399.5,6399.5
Stan Smith Shoes,Men,1,?6399.50,Adidas,6399.5,6399.5
BASENEW SHOES,Men,0,?12599.50,Adidas,12599.5,12599.5
Lite Racer CLN 2.0 Shoes,Men,0,?4499.50,Adidas,4499.5,4499.5
SL 72 RS Shoes,Men,0,?8999.50,Adidas,8999.5,8999.5
LAUFEN SPEED SHOES,Men,0,?3299.50,Adidas,3299.5,3299.5
Samba OG Shoes,Women,0,?5039.50,Adidas,5039.5,5039.5
Urban Court Shoes,Women,0,?12599.50,Adidas,12599.5,12599.5
Handball Spezial Shoes,Women,0,?2879.50,Adidas,2879.5,2879.5
Galaxy 6 Shoes,Women,0,?12599.50,Adidas,12599.5,12599.5
ULTRABOOST 1.0 SHOES,Women,0,?4799.50,Adidas,4799.5,4799.5
BREEZEWALK SHOES,Women,0,?4499.50,Adidas,4499.5,4499.5
Campus 00s Shoes,Women,0,?4499.50,Adidas,4499.5,4499.5
SL 72 RS Shoes,Women,0,?10399.50,Adidas,10399.5,10399.5
Ultraboost 5 Shoes,Women,0,?4400.00,Adidas,4400,4400
LITE RACER CLN 2.0 SHOES,Women,0,?4000.00,Adidas,4000,4000
Samba Decon Shoes,Women,0,?8499.50,Adidas,8499.5,8499.5
Samba XLG Shoes,Women,0,?4400.00,Adidas,4400,4400
Stan Smith Shoes,Women,1,?3499.50,Adidas,3499.5,3499.5
OZWEEGO SHOES,Women,0,?2240.00,Adidas,2240,2240
OZWEEGO Shoes,Women,0,?4400.00,Adidas,4400,4400
Superstar Shoes,Women,0,?2799.50,Adidas,2799.5,2799.5
Lite Racer 3.0 Shoes,Women,0,?12599.50,Adidas,12599.5,12599.5
Court Shoes,Women,0,?10399.50,Adidas,10399.5,10399.5
Swift Run Shoes,Women,0,?8499.50,Adidas,8499.5,8499.5
adidas by Stella McCartney Clogs,Women,0,?13200.00,Adidas,13200,13200
