ShoeName,Count_of_Sizes,Color1,Color2,Color3,Color4,Color5,Style_Code,Brand
Woodland DNavy 4 casual shoes,7,Dnavy 4,Olive Green,Khaki,Not Specified,Not Specified,FGC0X6024541A,Woodland
Woodland Olive Green casual shoes,7,Olive Green,Dnavy 4,Khaki,Not Specified,Not Specified,FGC0X6024541A,Woodland
Dubai Khaki Casual Shoes For Men,7,Dubai Khaki,Olive Green,Not Specified,Not Specified,Not Specified,FGC015050151A,Woodland
Barbecue NAVY,7,Barbecue Navy,Barbecue Black,Barbecue Brown,Barbecue Khaki,Barbecue Camel,FGC0X1019231A,Woodland
Grey Sneakers for men,7,Grey,Not Specified,Not Specified,Not Specified,Not Specified,FGC0H9050021A,Woodland
Barbecue BROWN,7,Barbecue Brown,Barbecue Navy,Barbecue Black,Barbecue Khaki,Barbecue Camel,FGC0X1019231A,Woodland
Olive green casual shoes for men,7,Olive Green,Dubai Khaki,Not Specified,Not Specified,Not Specified,FGC015050151A,Woodland
Day-to-day KHAKI,7,Day To Day Khaki,Day To Day Camel,Not Specified,Not Specified,Not Specified,FGC0L4016141B,Woodland
Navy Nubuk Mens Casuals Laces,7,Navy Casuals,Snaype Casuals,Not Specified,Not Specified,Not Specified,FGC015050041A,Woodland
Day-to-day CAMEL,7,Day To Day Camel,Day To Day Khaki,Not Specified,Not Specified,Not Specified,FGC0L4016141B,Woodland
Camel casual shoes for men,7,Camel,Olive Green,Not Specified,Not Specified,Not Specified,FGC015050051A,Woodland
Black/Blue shoes for Men,7,Black Blue,Not Specified,Not Specified,Not Specified,Not Specified,FGC0Y90AV012A,Woodland
Woodland Camel casual shoes,7,Camel,Navy,Khaki,Not Specified,Not Specified,FGC0H9019241A,Woodland
Camel Nubuk Milled Granite Mens Casuals Laces,7,Camel Casuals,Olive Green Casuals,Not Specified,Not Specified,Not Specified,FGC0FK050031A,Woodland
Dune casual shoes,7,Dune,Camel,Not Specified,Not Specified,Not Specified,FGC0J0014631A,Woodland
Woodland Dubai Khaki Lace Up Shoes For Men,7,Dubai Khaki,Camel,Not Specified,Not Specified,Not Specified,FGC060061271A,Woodland
Woodland Khaki casual shoes,7,Khaki,Navy,Camel,Not Specified,Not Specified,FGC0H9019241A,Woodland
Ogreen/Black casual lace-up shoes for men,7,Ogreen Black Casual,Olive Green Dubai Khaki Casual,Not Specified,Not Specified,Not Specified,FGC015061161A,Woodland
Snaype Nubuk Mens Casuals Laces,7,Snaype Casuals,Navy Casuals,Not Specified,Not Specified,Not Specified,FGC015050041A,Woodland
Camel casual shoes,7,Camel,Dune,Not Specified,Not Specified,Not Specified,FGC0J0014631A,Woodland
Olive green casual slip-on shoes for men,6,Olive Green Casual,Camel Casual,Not Specified,Not Specified,Not Specified,FGC015061301A,Woodland
Woodland Men’s Camel Lace-Up Casual Shoes,6,Men S Camel Lace Up,Men S Olive Green Lace Up,Men S Khaki Lace Up,Not Specified,Not Specified,FGC0GF061201A,Woodland
Olive Green Nubuk Milled Granite Mens Casuals Laces,7,Olive Green Casuals,Camel Casuals,Not Specified,Not Specified,Not Specified,FGC0FK050031A,Woodland
Woodland Camel Lace Up Shoes For Men,7,Camel,Dubai Khaki,Not Specified,Not Specified,Not Specified,FGC060061271A,Woodland
Woodland Men’s Camel Colored Sporty Lace-Up Shoes,7,Men S Camel Colored Sporty,Men S Olive Green Sporty,Not Specified,Not Specified,Not Specified,FGC0H9061221A,Woodland
Elephant Print Nubuk Men Olive Shoes,7,Elephant Print Men Olive,Elephant Print Men Camel,Not Specified,Not Specified,Not Specified,FGC013061171A,Woodland
Woodland Men’s Khaki Lace-Up Casual Shoes,6,Men S Khaki Lace Up,Men S Camel Lace Up,Men S Olive Green Lace Up,Not Specified,Not Specified,FGC0GF061201A,Woodland
Men Olive Green Casual Lace Up Shoes,7,Men Olive Green Casual,Men Camel Casual,Not Specified,Not Specified,Not Specified,FGC0GF061251A,Woodland
Woodland Embossed Men’s Camel Lace-Up Casual Shoes,7,Embossed Men S Camel Lace Up,Embossed Men S Khaki Lace Up,Not Specified,Not Specified,Not Specified,FGC0H9061241A,Woodland
Camel casual slip-on shoes for men,7,Camel Casual,Olive Green Casual,Not Specified,Not Specified,Not Specified,FGC015061301A,Woodland
Men Camel Casual Lace Up Shoes,7,Men Camel Casual,Men Olive Green Casual,Not Specified,Not Specified,Not Specified,FGC0GF061251A,Woodland
Chunky Sole Lace Up Shoes Camel colored from Woodland,6,Chunky Sole Camel Colored From Woodland,Chunky Sole Khaki Colored From Woodland,Not Specified,Not Specified,Not Specified,FGC0HA061211A,Woodland
Camel Moccasin Style Casual Slip On Shoes,7,Camel Moccasin Style Casual,Olive Green Moccasin Style Casual,Not Specified,Not Specified,Not Specified,FGC0GF061291A,Woodland
Woodland Men’s Olive Green Sporty Lace-Up Shoes,7,Men S Olive Green Sporty,Men S Camel Colored Sporty,Not Specified,Not Specified,Not Specified,FGC0H9061221A,Woodland
Black Grey Shoes for Men,7,Black Grey,Not Specified,Not Specified,Not Specified,Not Specified,FGC0DN0AU962A,Woodland
Woodland Embossed Men’s Khaki Lace-Up Casual Shoes,7,Embossed Men S Khaki Lace Up,Embossed Men S Camel Lace Up,Not Specified,Not Specified,Not Specified,FGC0H9061241A,Woodland
Olive Green/ Dubai Khaki casual lace-up shoes for men,7,Olive Green Dubai Khaki Casual,Ogreen Black Casual,Not Specified,Not Specified,Not Specified,FGC015061161A,Woodland
Elephant Print Nubuk Men Camel Shoes,7,Elephant Print Men Camel,Elephant Print Men Olive,Not Specified,Not Specified,Not Specified,FGC013061171A,Woodland
Khaki Slip on Shoes for men,7,Khaki,Camel,Not Specified,Not Specified,Not Specified,FGC0W7035911A,Woodland
Camel casual lace-up shoes for men,6,Camel Casual,Dubai Khaki Casual,Not Specified,Not Specified,Not Specified,FGC015061151A,Woodland
Cashew brown Sneakers for men,7,Cashew Brown,Navy,Olive Green,Not Specified,Not Specified,FGC015050011A,Woodland
Dubai Khaki casual lace-up shoes for men,6,Dubai Khaki Casual,Camel Casual,Not Specified,Not Specified,Not Specified,FGC015061151A,Woodland
Dnavy Sneaker For Men,7,Dnavy Sneaker,Camel Sneaker,Not Specified,Not Specified,Not Specified,FGC051035891A,Woodland
Navy Sneakers for men,6,Navy,Olive Green,Cashew Brown,Not Specified,Not Specified,FGC015050011A,Woodland
Woods Men Classic Casual Black Leather Shoes,7,Woods Men Classic Casual Black Leather,Woods Men Classic Casual Brown Leather,Not Specified,Not Specified,Not Specified,FGC0ID048322A,Woodland
Olive Green Moccasin Style Casual Slip On Shoes,7,Olive Green Moccasin Style Casual,Camel Moccasin Style Casual,Not Specified,Not Specified,Not Specified,FGC0GF061291A,Woodland
Olive green Sneakers for men,7,Olive Green,Navy,Cashew Brown,Not Specified,Not Specified,FGC015050011A,Woodland
Men’s Camel Colored Casual Shoes with PU Sole,7,Men S Camel Colored With Pu Sole,Men S Khaki Colored With Pu Sole,Not Specified,Not Specified,Not Specified,FGC0GF061281A,Woodland
Camel Slip on Shoes for men,7,Camel,Khaki,Not Specified,Not Specified,Not Specified,FGC0W7035911A,Woodland
Black Nubuk Casual Lace Shoes,7,Black Casual Lace,Dubai Khaki Casual Lace,Not Specified,Not Specified,Not Specified,FGC015061231A,Woodland
Camel casual shoes for Men,7,Camel,Black,Not Specified,Not Specified,Not Specified,FGC015050201A,Woodland
Black casual shoes for Men,5,Black,Not Specified,Not Specified,Not Specified,Not Specified,FGC0AY050211A,Woodland
Russia Brown Casual Slip-on Shoes for Men,6,Russia Brown Casual,Dubai Khaki Casual,Not Specified,Not Specified,Not Specified,FGC015061311A,Woodland
Dubai Khaki Casual Slip-on Shoes for Men,7,Dubai Khaki Casual,Russia Brown Casual,Not Specified,Not Specified,Not Specified,FGC015061311A,Woodland
Woodland Camel Mens Casual Lace Up Shoes,5,Camel Casual,Olive Green Casual,Not Specified,Not Specified,Not Specified,FGC0AA061181A,Woodland
Woods Men’s Brown Ombre Lace-Up Shoes,7,Woods Men S Brown Ombre,Not Specified,Not Specified,Not Specified,Not Specified,FGC083048632A,Woodland
Chunky Sole Lace Up Shoes Khaki colored from Woodland,6,Chunky Sole Khaki Colored From Woodland,Chunky Sole Camel Colored From Woodland,Not Specified,Not Specified,Not Specified,FGC0HA061211A,Woodland
Olive green high ankle boot for men,6,Olive Green High Ankle Boot,Camel High Ankle Boot,Not Specified,Not Specified,Not Specified,FGC0H9050161A,Woodland
Navy Boot for Men,7,Navy Boot,Dubai Khaki Boot,Olive Green Boot,Camel Boot,Not Specified,FGC015050091A,Woodland
Camel boots for men,7,Camel,Olive Green,Not Specified,Not Specified,Not Specified,FGC0D4050181A,Woodland
Snaype Boots for Men,7,Snaype,Brown,Not Specified,Not Specified,Not Specified,FGC015050171A,Woodland
Olive green boots for men,7,Olive Green,Camel,Not Specified,Not Specified,Not Specified,FGC0D4050181A,Woodland
Camel Boot for Men,7,Camel Boot,Navy Boot,Not Specified,Not Specified,Not Specified,FGC015050071A,Woodland
Brown/Black Boot for Men,7,Brown Black Boot,Black Boot,Not Specified,Not Specified,Not Specified,FGC0IG0AU972A,Woodland
Black Boot for Men,7,Black Boot,Brown Black Boot,Not Specified,Not Specified,Not Specified,FGC0IG0AU972A,Woodland
Dual Tone Camel Casual Boots For Men,7,Dual Tone Camel Casual,Dual Tone Olive Green Casual,Not Specified,Not Specified,Not Specified,FGC0FK050221A,Woodland
Men Suede Camel Casual Boots,7,Men Suede Camel Casual,Men Dubai Khaki Casual,Not Specified,Not Specified,Not Specified,FGC051061471A,Woodland
Grey/Black Boot for Men,7,Grey Black Boot,Black Dgrey Boot,Not Specified,Not Specified,Not Specified,FGC0IG0AU932A,Woodland
Camel high ankle boot for men,5,Camel High Ankle Boot,Olive Green High Ankle Boot,Not Specified,Not Specified,Not Specified,FGC0H9050161A,Woodland
Olive green Boot for Men,7,Olive Green Boot,Navy Boot,Dubai Khaki Boot,Camel Boot,Not Specified,FGC015050091A,Woodland
Black/Dgrey Boot for Men,7,Black Dgrey Boot,Grey Black Boot,Not Specified,Not Specified,Not Specified,FGC0IG0AU932A,Woodland
Beige Boots For Men,7,Beige,Not Specified,Not Specified,Not Specified,Not Specified,FGC051048592A,Woodland
Olive Green Boots For Men,7,Olive Green,Not Specified,Not Specified,Not Specified,Not Specified,FGC051048612A,Woodland
Burgundy Casual Boots For Men,6,Burgundy Casual,Olive Green Casual,Not Specified,Not Specified,Not Specified,FGC0H9061461A,Woodland
Woodland Camel Casual Boots For Men,7,Camel Casual,Olive Green Casual,Not Specified,Not Specified,Not Specified,FGC0GF061421A,Woodland
Camel lace-up boots for men,7,Camel Lace Up,Dubai Khaki Lace Up,Not Specified,Not Specified,Not Specified,FGC015061481A,Woodland
Olive Green Casual Boots For Men,6,Olive Green Casual,Burgundy Casual,Not Specified,Not Specified,Not Specified,FGC0H9061461A,Woodland
Brown Boots for Men,7,Brown,Snaype,Not Specified,Not Specified,Not Specified,FGC015050171A,Woodland
Camel Nubuk Oily Polished Mens Boot,5,Camel Oily Polished Boot,Khaki Oily Polished Boot,Black Oily Polished Boot,Not Specified,Not Specified,FGC0AA050061A,Woodland
Lcigar Boot for Men,7,Lcigar Boot,Black Boot,Not Specified,Not Specified,Not Specified,FGC051046482A,Woodland
Navy Boots For Men,7,Navy,Not Specified,Not Specified,Not Specified,Not Specified,FGC051048602A,Woodland
Brown Chelsea Boot for Men,7,Brown Chelsea Boot,Black Chelsea Boot,Not Specified,Not Specified,Not Specified,FGF018044532A,Woodland
Men Dubai Khaki Casual Boots,6,Men Dubai Khaki Casual,Men Suede Camel Casual,Not Specified,Not Specified,Not Specified,FGC051061471A,Woodland
Khaki Nubuk Oily Polished Mens Boot,5,Khaki Oily Polished Boot,Camel Oily Polished Boot,Black Oily Polished Boot,Not Specified,Not Specified,FGC0AA050061A,Woodland
Mid Brown Boots For Men,7,Mid Brown,Not Specified,Not Specified,Not Specified,Not Specified,FGC051048582A,Woodland
Light Brown Chukka Boots for Men,6,Light Brown Chukka,Not Specified,Not Specified,Not Specified,Not Specified,FGC089034191A,Woodland
Dubai Khaki lace-up boots for men,5,Dubai Khaki Lace Up,Camel Lace Up,Not Specified,Not Specified,Not Specified,FGC015061481A,Woodland
RB BROWN boots for men,7,Rb Brown,Dark Navy,Not Specified,Not Specified,Not Specified,FGC0H9034201A,Woodland
Dark navy boots for men,7,Dark Navy,Rb Brown,Not Specified,Not Specified,Not Specified,FGC0H9034201A,Woodland
Black high-top boot for men,6,Black High Top Boot,Dtan High Top Boot,Not Specified,Not Specified,Not Specified,FGF0R7046472A,Woodland
Woodland Nubuk Black Casual Boots,5,Black Casual,Dark Brown Casual,Not Specified,Not Specified,Not Specified,FGC0BB061491A,Woodland
Navy Green Luxury Boots For Men,7,Navy Green Luxury,Not Specified,Not Specified,Not Specified,Not Specified,FGC0510AM892A,Woodland
Dtan Boot for Men,7,Dtan Boot,Black Boot,Not Specified,Not Specified,Not Specified,FGF0R7046492A,Woodland
Brown Boot for Men,6,Brown Boot,Black Boot,Not Specified,Not Specified,Not Specified,FGC0C3048242A,Woodland
Olive Green hiking boot,3,Olive Green Hiking Boot,Camel Hiking Boot,Not Specified,Not Specified,Not Specified,FGC0V7001101D,Woodland
Woodland Nubuk Dark Brown Casual Boots,5,Dark Brown Casual,Black Casual,Not Specified,Not Specified,Not Specified,FGC0BB061491A,Woodland
Dtan high-top boot for men,7,Dtan High Top Boot,Black High Top Boot,Not Specified,Not Specified,Not Specified,FGF0R7046472A,Woodland
Woodland Camel Nubuck PDM2 Men Boots,5,Camel Nubuck Pdm2 Men,Olive Green Nubuck Pdm2 Men,Not Specified,Not Specified,Not Specified,FGC0GF063761A,Woodland
Ltan Boot for Men,7,Ltan Boot,Brown Boot,Not Specified,Not Specified,Not Specified,FGF0C3045482A,Woodland
Camel Chelsea Boots for Men,7,Camel Chelsea,Chiku Toupe Chelsea,Brown Chelsea,Not Specified,Not Specified,FGF051046362A,Woodland
Tan Boots For Men,7,Tan,Not Specified,Not Specified,Not Specified,Not Specified,FGC0B7048552A,Woodland
Black Boots For Men,7,Black,Not Specified,Not Specified,Not Specified,Not Specified,FGC0150AM912A,Woodland
Dubai Khaki Boot For Men,5,Dubai Khaki Boot,Navy Boot,Olive Green Boot,Camel Boot,Not Specified,FGC015050091A,Woodland
Brown Boots For Men,7,Brown,Not Specified,Not Specified,Not Specified,Not Specified,FGC0150AM922A,Woodland
Men Black Leather Ankle Boots,6,Men Black Leather Ankle,Men Brown Leather Ankle,Not Specified,Not Specified,Not Specified,FGF0C3046432A,Woodland
Woods High-top Beige Suede Lace-up Boots,6,Woods High Top Beige Suede Lace Up,Not Specified,Not Specified,Not Specified,Not Specified,FGC051048572A,Woodland
Snaype boots for men,7,Snaype,Paris Grey,Not Specified,Not Specified,Not Specified,FGC015037811S,Woodland
Chiku/Toupe Chelsea Boots for Men,7,Chiku Toupe Chelsea,Brown Chelsea,Camel Chelsea,Not Specified,Not Specified,FGF051046362A,Woodland
Lcigar Boots for Men,7,Lcigar,Brown,Not Specified,Not Specified,Not Specified,FGC051046392A,Woodland
Green Boots For Ladies,6,Green For Ladies,Not Specified,Not Specified,Not Specified,Not Specified,FLC0510AM972A,Woodland
Octane Boots For Ladies,6,Octane For Ladies,Not Specified,Not Specified,Not Specified,Not Specified,FLC0510AM952A,Woodland
Khaki Boot for Women,5,Khaki Boot,Brown Boot,Lgrey Boot,Not Specified,Not Specified,FLC015044231A,Woodland
Brown Boot for Women,6,Brown Boot,Lgrey Boot,Khaki Boot,Not Specified,Not Specified,FLC015044231A,Woodland
Black Boots for Women,6,Black,Wine Red,Not Specified,Not Specified,Not Specified,FLC0180R4182B,Woodland
Desert Rose Boots for Women,6,Desert Rose,Snaype,Paris Grey,Not Specified,Not Specified,FLC015037821S,Woodland
Navy Boot for women,6,Navy Boot,Not Specified,Not Specified,Not Specified,Not Specified,FLC0510S6942A,Woodland
Navy Boots For Ladies,6,Navy For Ladies,Not Specified,Not Specified,Not Specified,Not Specified,FLC0150AM942A,Woodland
Wine Red Boots for Women,5,Wine Red,Black,Not Specified,Not Specified,Not Specified,FLC0180R4182B,Woodland
Navy/Pink Shoes for women,5,Navy Pink,Not Specified,Not Specified,Not Specified,Not Specified,FLC0IG0AV042A,Woodland
Black Boot for women,6,Black Boot,Grey Boot,Not Specified,Not Specified,Not Specified,FLC0180R4192B,Woodland
Canvas Green Boots for Women,6,Canvas Green,Bright Grey,Sandy Beige,Lsnaype,Not Specified,FLC0AX037821S,Woodland
Beige boot for women,2,Beige Boot,Camel Boot,Not Specified,Not Specified,Not Specified,FLC0510AR852A,Woodland
Sandy Beige Boots for Women,6,Sandy Beige,Bright Grey,Lsnaype,Canvas Green,Not Specified,FLC0AX037821S,Woodland
Lgrey Boot for Women,3,Lgrey Boot,Brown Boot,Khaki Boot,Not Specified,Not Specified,FLC015044231A,Woodland
Grey/Black Boot for women,4,Grey Black Boot,Black Pink Boot,Not Specified,Not Specified,Not Specified,FLC0IG0AV022A,Woodland
Mud brown mid-calf boot,6,Mud Brown Mid Calf Boot,Not Specified,Not Specified,Not Specified,Not Specified,FLC0830T7092A,Woodland
Camel boot for women,0,Camel Boot,Beige Boot,Not Specified,Not Specified,Not Specified,FLC0510AR852A,Woodland
Black/Pink Boot for women,5,Black Pink Boot,Grey Black Boot,Not Specified,Not Specified,Not Specified,FLC0IG0AV022A,Woodland
Lsnaype Boots for Women,5,Lsnaype,Bright Grey,Sandy Beige,Canvas Green,Not Specified,FLC0AX037821S,Woodland
Brown mid-calf boot for women,6,Brown Mid Calf Boot,Not Specified,Not Specified,Not Specified,Not Specified,FLC0830T7102A,Woodland
DROYAL BLUE boots for women,1,Droyal Blue,Olive Green,Khaki,Not Specified,Not Specified,FLC0H9033561A,Woodland
Brown boots for women,3,Brown,Not Specified,Not Specified,Not Specified,Not Specified,FLC0150S6932A,Woodland
Pietra Ankle boot for women,0,Pietra Ankle Boot,Not Specified,Not Specified,Not Specified,Not Specified,FLC0150AU722A,Woodland
Navy Boots for women,3,Navy,Not Specified,Not Specified,Not Specified,Not Specified,FLC0150S6922A,Woodland
Mud brown high-top boot,3,Mud Brown High Top Boot,Not Specified,Not Specified,Not Specified,Not Specified,FLC0510T7002A,Woodland
Black Chelsea boot,1,Black Chelsea Boot,Not Specified,Not Specified,Not Specified,Not Specified,FLC0340U0902A,Woodland
Black knee high boots,1,Black Knee High,Not Specified,Not Specified,Not Specified,Not Specified,FLC0H40U6462A,Woodland
Woodland DNavy boots for women,0,Dnavy,Rusty Red,Snaype,Not Specified,Not Specified,FLC015022491A,Woodland
Grey Boot for women,1,Grey Boot,Black Boot,Not Specified,Not Specified,Not Specified,FLC0180R4192B,Woodland
Woodland Rusty red boots for women,0,Rusty Red,Dnavy,Snaype,Not Specified,Not Specified,FLC015022491A,Woodland
Blue ugg boot,0,Blue Ugg Boot,Tan Ugg Boot,Brown Ugg Boot,Not Specified,Not Specified,FLC051022461A,Woodland
Columbia Men Black OmniMax Konos Trillium ATR Trail Running Shoes,5,"Mountain Blue, Voltage","Black, Mountain Red",Not Specified,Not Specified,Not Specified,COLUMBIA-MEN-BLACK-O,Columbia
Columbia Men Blue OmniMax Konos Trillium ATR Trail Running Shoes,3,"Mountain Blue, Voltage","Black, Mountain Red",Not Specified,Not Specified,Not Specified,COLUMBIA-MEN-BLUE-OM,Columbia
Columbia Men Green OmniMax Escape Thrive Titanium Hiking and Trekking Shoes,7,"Nori, White","Cloud Grey, Mountain Red",Not Specified,Not Specified,Not Specified,COLUMBIA-MEN-GREEN-O,Columbia
Columbia Men Black OutDry Escape Thrive Titanium Hiking & Trekking Shoes (Fully Waterproof),5,Not Specified,Not Specified,Not Specified,Not Specified,Not Specified,COLUMBIA-MEN-BLACK-O,Columbia
Columbia Men Black OmniGrip Konos Elevate Trail Running Shoes,5,"White, Slate Grey","Black, Voltage",Not Specified,Not Specified,Not Specified,COLUMBIA-MEN-BLACK-O,Columbia
Columbia Men White OmniGrip Konos Elevate Trail Running Shoes,5,"White, Slate Grey","Black, Voltage",Not Specified,Not Specified,Not Specified,COLUMBIA-MEN-WHITE-O,Columbia
Columbia Men Orange OmniGrip Konos Swift Trail Running Shoes,6,"Blaze, Blue Echo","Black, Sea Salt",Not Specified,Not Specified,Not Specified,COLUMBIA-MEN-ORANGE-,Columbia
Columbia Men Teal OutDry Konos TRS Hiking & Trekking Shoes (Fully Waterproof),6,"Teal Chloride, Blaze","Grey Green, Black",Not Specified,Not Specified,Not Specified,COLUMBIA-MEN-TEAL-OM,Columbia
Columbia Men Off White OmniMax Escape Thrive Titanium Hiking and Trekking Shoes,6,"Nori, White","Cloud Grey, Mountain Red",Not Specified,Not Specified,Not Specified,COLUMBIA-MEN-OFF-WHI,Columbia
Columbia Men Grey OutDry Konos TRS Hiking & Trekking Shoes (Fully Waterproof),7,Not Specified,Not Specified,Not Specified,Not Specified,Not Specified,COLUMBIA-MEN-GREY-OM,Columbia
Columbia Men Green OutDry Konos TRS Hiking & Trekking Shoes (Fully Waterproof),6,"Teal Chloride, Blaze","Grey Green, Black",Not Specified,Not Specified,Not Specified,COLUMBIA-MEN-GREEN-O,Columbia
Columbia Men Black OmniGrip Konos Swift Trail Running Shoes,6,"Blaze, Blue Echo","Black, Sea Salt",Not Specified,Not Specified,Not Specified,COLUMBIA-MEN-BLACK-O,Columbia
Columbia Men Black KONOS TRS OUTDRY,5,"Black, Grill","Deep Wave, Supe","Cloud Grey, Black",Not Specified,Not Specified,COLUMBIA-MENS-GREY-K,Columbia
Columbia Men Orange MONTRAIL TRINITY AG,3,Not Specified,Not Specified,Not Specified,Not Specified,Not Specified,MONTRAIL-TRINITY-AG-,Columbia
Columbia Men Black TRAILSTORM ASCEND WP,5,"Black, Night Wave","Shark, Raw Honey","Shark, Owl",Not Specified,Not Specified,COLUMBIA-MEN-BLACK-T,Columbia
Columbia Men Grey PLATEAU,6,Not Specified,Not Specified,Not Specified,Not Specified,Not Specified,COLUMBIA-MENS-GREY-P,Columbia
Columbia Men Grey BOATSIDE RELAXED PFG,5,Not Specified,Not Specified,Not Specified,Not Specified,Not Specified,COLUMBIA-MENS-GREY-B,Columbia
Columbia Men Black TRAILSTORM PEAK MID,3,"Kettle, Black","Cordovan, Black",Not Specified,Not Specified,Not Specified,TRAILSTORM-PEAK-MID-,Columbia
Columbia Men Black KONOS TRS,4,"Grill, Napa Green","White, Poppy Red","Black, Deep Wav",Not Specified,Not Specified,COLUMBIA-MENS-BLACK-,Columbia
Columbia Women Blue OmniMax Konos Trillium ATR Trail Running Shoes,4,"Skylight, Blue Heron","Canvas Tan, White Peach",Not Specified,Not Specified,Not Specified,COLUMBIA-WOMEN-BLUE-,Columbia
Columbia Women Beige OmniMax Konos Trillium ATR Trail Running Shoes,5,"Skylight, Blue Heron","Canvas Tan, White Peach",Not Specified,Not Specified,Not Specified,COLUMBIA-WOMEN-BEIGE,Columbia
Columbia Women Peach OmniMax Konos TRS Waterproof Hiking and Trekking Shoes,4,"White Peach, Tea Light","Black, Deep Madeira",Not Specified,Not Specified,Not Specified,COLUMBIA-WOMEN-PEACH,Columbia
Columbia Women White OmniGrip Konos Elevate Trail Running Shoes,5,"White, Steam","Steam, Skylight",Not Specified,Not Specified,Not Specified,COLUMBIA-WOMEN-WHITE,Columbia
Columbia Men Dark Grey Omni-Max Konos Trillium ATR Trail Running Shoes,6,Not Specified,Not Specified,Not Specified,Not Specified,Not Specified,COLUMBIA-MEN-DARK-GR,Columbia
Columbia Men Dark Grey Omni-Grip Konos Elevate Trail Running Shoes,4,"Dark Grey, Stinger","Teal Chloride, Blaze",Not Specified,Not Specified,Not Specified,COLUMBIA-MEN-DARK-GR,Columbia
Columbia Men Teal Omni-Grip Konos Elevate Trail Running Shoes,6,"Dark Grey, Stinger","Teal Chloride, Blaze",Not Specified,Not Specified,Not Specified,COLUMBIA-MEN-TEAL-OM,Columbia
Columbia Men Grey OmniMax Konos TRS Waterproof Hiking and Trekking Shoes,2,"Mountain Blue,","Black, Shark","Dark Grey, Mountain Red",Not Specified,Not Specified,COLUMBIA-MEN-GREY-OM,Columbia
Columbia Men Green OmniMax Escape Thrive Titanium Waterproof Hiking and Trekking Shoes,2,"Moonstone, Graphite","Nori, Black",Not Specified,Not Specified,Not Specified,COLUMBIA-MEN-GREEN-O,Columbia
Columbia Men Off White OmniMax Konos TRS Waterproof Hiking and Trekking Shoes,1,"Black, Grill","Deep Wave, Supe","Cloud Grey, Black",Not Specified,Not Specified,COLUMBIA-MEN-OFF-WHI,Columbia
Columbia Men Black BUGABOOT III X,2,Not Specified,Not Specified,Not Specified,Not Specified,Not Specified,COLUMBIA-MENS-BLACK-,Columbia
Columbia Men Black STRATA TRAIL LOW WP,1,"Ti Grey Steel, Mountain Red","Cordovan, Golden Yellow","Nori, Golden Yellow","Black, Elk",Not Specified,COLUMBIA-MENS-BLACK-,Columbia
Columbia Men Brown BUGABOOT III,2,Black,"Black, Bright R",Cordovan,"Cordovan, Rusty",Not Specified,COLUMBIA-MENS-BROWN-,Columbia
Columbia Men Green STRATA TRAIL LOW WP,2,"Ti Grey Steel, Mountain Red","Cordovan, Golden Yellow","Nori, Golden Yellow","Black, Elk",Not Specified,COLUMBIA-MEN-GREEN-S,Columbia
Columbia Men Black TRAILSTORM BEYOND,2,Not Specified,Not Specified,Not Specified,Not Specified,Not Specified,TRAILSTORM-BEYOND-BM,Columbia
Columbia Men Grey STRATA TRAIL LOW WP,1,"Ti Grey Steel, Mountain Red","Cordovan, Golden Yellow","Nori, Golden Yellow","Black, Elk",Not Specified,COLUMBIA-MENS-GREY-S,Columbia
Columbia Men Black BUGABOOT III,1,Black,"Black, Bright R",Cordovan,"Cordovan, Rusty",Not Specified,COLUMBIA-MENS-BLACK-,Columbia
Columbia Men Brown STRATA TRAIL LOW WP,1,"Ti Grey Steel, Mountain Red","Cordovan, Golden Yellow","Nori, Golden Yellow","Black, Elk",Not Specified,COLUMBIA-MEN-BROWN-S,Columbia
Columbia Men Black TRAILSTORM MID WATERPROOF,1,"Kettle, Mountain Red","Black, Dark Grey",Graphite,"Petrol Blue, Black",Super Blue Heather Plaid,TRAILSTORM-MID-WATER,Columbia
Columbia Men Blue KONOS TRS OUTDRY MID,1,"Mountain Blue,","Black, Shark","Dark Grey, Mountain Red",Not Specified,Not Specified,COLUMBIA-MENS-BLUE-K,Columbia
Columbia Women Beige OmniMax Escape Thrive Titanium Waterproof Hiking and Trekking Shoes,3,"Skylight, Blue Heron","Cloud Grey, Citron Haze",Not Specified,Not Specified,Not Specified,COLUMBIA-WOMEN-BEIGE,Columbia
Columbia Women Black OmniMax Konos TRS Waterproof Hiking and Trekking Shoes,3,"White Peach, Tea Light","Black, Deep Madeira",Not Specified,Not Specified,Not Specified,COLUMBIA-WOMEN-BLACK,Columbia
Columbia Women Blue OmniMax Escape Thrive Titanium Waterproof Hiking and Trekking Shoes,4,"Skylight, Blue Heron","Cloud Grey, Citron Haze",Not Specified,Not Specified,Not Specified,COLUMBIA-WOMEN-BLUE-,Columbia
Columbia Women Black OutDry Konos TRS Hiking & Trekking Shoes (Fully Waterproof),5,"Black, Shark","Grey Ice, Poppy Red","Soft Taupe, Granite",Not Specified,Not Specified,COLUMBIA-WOMEN-BLACK,Columbia
Columbia Women Black OutDry Escape Thrive Titanium Hiking & Trekking Shoes (Fully Waterproof),5,Not Specified,Not Specified,Not Specified,Not Specified,Not Specified,COLUMBIA-WOMEN-BLACK,Columbia
Columbia Women Grey OutDry Konos TRS Hiking & Trekking Shoes (Fully Waterproof),5,"Black, Shark","Grey Ice, Poppy Red","Soft Taupe, Granite",Not Specified,Not Specified,COLUMBIA-WOMEN-GREY-,Columbia
Columbia Women Grey Omni-Max Konos Trillium ATR Trail Running Shoes,5,"City Grey, Teal Chlo","Neon Sunrise, Teal C",Not Specified,Not Specified,Not Specified,COLUMBIA-WOMEN-GREY-,Columbia
Columbia Women Blue OutDry Konos TRS Hiking & Trekking Shoes (Fully Waterproof),5,"Black, Neon Sunrise","Blue Dusk, Marine Li",Not Specified,Not Specified,Not Specified,COLUMBIA-WOMEN-BLUE-,Columbia
Columbia Women Grey OmniGrip Konos Elevate Trail Running Shoes,5,"White, Steam","Steam, Skylight",Not Specified,Not Specified,Not Specified,COLUMBIA-WOMEN-GREY-,Columbia
Columbia Women Red Omni-Max Konos Trillium ATR Trail Running Shoes,5,"City Grey, Teal Chlo","Neon Sunrise, Teal C",Not Specified,Not Specified,Not Specified,COLUMBIA-WOMEN-RED-O,Columbia
Columbia Women Red Omni-Grip Konos Elevate Trail Running Shoes,5,Not Specified,Not Specified,Not Specified,Not Specified,Not Specified,COLUMBIA-WOMEN-RED-O,Columbia
Columbia Women Brown PLATEAU VENTURE,3,"Canvas Tan, Blue Dusk","Dark Stone, Dark Fuchsia","Shale Mauve, Peatmoss",Not Specified,Not Specified,COLUMBIA-WOMENS-CREA,Columbia
Columbia Women Navy Blue TRAILSTORM BEYOND,4,Not Specified,Not Specified,Not Specified,Not Specified,Not Specified,TRAILSTORM-BEYOND-BL,Columbia
Columbia Women Navy Blue NOVO TRAIL,3,"Light Sand, Whisper","Nocturnal, Sunkissed",Not Specified,Not Specified,Not Specified,COLUMBIA-WOMEN-BLUE-,Columbia
Columbia Women Black FACET 75 ALPHA OUTDRY,5,Not Specified,Not Specified,Not Specified,Not Specified,Not Specified,COLUMBIA-WOMENS-BLAC,Columbia
Columbia Women Grey TRAILSTORM PEAK MID,3,"Black, Dark Grey","Graphite, Icy Morn",Not Specified,Not Specified,Not Specified,TRAILSTORM-PEAK-MID-,Columbia
Columbia Women Off White OmniMax Konos TRS Waterproof Hiking and Trekking Shoes,1,"Moonvista, Blus","Ti Grey Steel,","Cloud Grey, Citron Haze",Not Specified,Not Specified,COLUMBIA-WOMEN-OFF-W,Columbia
Columbia Women White NOVO TRAIL,1,"Light Sand, Whisper","Nocturnal, Sunkissed",Not Specified,Not Specified,Not Specified,COLUMBIA-WOMEN-WHITE,Columbia
Columbia Women Black TRAILSTORM ASCEND WP,2,Not Specified,Not Specified,Not Specified,Not Specified,Not Specified,COLUMBIA-WOMENS-GREY,Columbia
Columbia Women Blue FACET 75 OUTDRY,1,"Black, Wild Geranium","Sedona Sage, Sundance",Not Specified,Not Specified,Not Specified,COLUMBIA-WOMENS-BLUE,Columbia
Extrinsic Men's Training Shoes,6,Not Specified,Not Specified,Not Specified,Not Specified,Not Specified,PUMA-0001,Puma
Galaxis Pro Men's Running Shoes,6,Not Specified,Not Specified,Not Specified,Not Specified,Not Specified,PUMA-0002,Puma
Court Shatter Men's Sneakers,6,Not Specified,Not Specified,Not Specified,Not Specified,Not Specified,PUMA-0003,Puma
UltraRide Men's Running Shoes,6,Not Specified,Not Specified,Not Specified,Not Specified,Not Specified,PUMA-0004,Puma
FusionPro Men's Running Shoes,6,Not Specified,Not Specified,Not Specified,Not Specified,Not Specified,PUMA-0005,Puma
Deviate NITRO™ Elite 4 Men's Running Shoes,6,Not Specified,Not Specified,Not Specified,Not Specified,Not Specified,PUMA-0006,Puma
FAST-R NITRO™ Elite 3 Men's Road Running Shoes,6,Not Specified,Not Specified,Not Specified,Not Specified,Not Specified,PUMA-0007,Puma
Cricket Square Men's Shoes,6,Not Specified,Not Specified,Not Specified,Not Specified,Not Specified,PUMA-0008,Puma
Deviate NITRO™ 4 Men's Road Running Shoes,6,Not Specified,Not Specified,Not Specified,Not Specified,Not Specified,PUMA-0009,Puma
Scorch Whizz Street Men's Running Shoes,6,Not Specified,Not Specified,Not Specified,Not Specified,Not Specified,PUMA-0010,Puma
Cricket Strike Men's Shoes,6,Not Specified,Not Specified,Not Specified,Not Specified,Not Specified,PUMA-0011,Puma
Propio NITRO™ Men's Road Running Shoes,6,Not Specified,Not Specified,Not Specified,Not Specified,Not Specified,PUMA-0012,Puma
Fast-Trac NITRO™ 4 Men's Trail Running Shoes,6,Not Specified,Not Specified,Not Specified,Not Specified,Not Specified,PUMA-0013,Puma
Voyage NITRO™ 4 Men's Running Shoes,6,Not Specified,Not Specified,Not Specified,Not Specified,Not Specified,PUMA-0014,Puma
Softride Pro Dynamic Flex Men's Running Shoes,6,Not Specified,Not Specified,Not Specified,Not Specified,Not Specified,PUMA-0015,Puma
MagMax NITRO™ 2 Men's Road Running Shoes,6,Not Specified,Not Specified,Not Specified,Not Specified,Not Specified,PUMA-0016,Puma
Smooth Walk Men's Walking Shoes,6,Not Specified,Not Specified,Not Specified,Not Specified,Not Specified,PUMA-0017,Puma
Velocity NITRO™ 4 Men's Road Running Shoes,6,Not Specified,Not Specified,Not Specified,Not Specified,Not Specified,PUMA-0018,Puma
PUMAQuestBlitz 2.0 Men's Comfortable Grip Running Shoes,6,Not Specified,Not Specified,Not Specified,Not Specified,Not Specified,PUMA-0019,Puma
PUMA x ASTON MARTIN ARAMCO F1® TEAM Inverse Men's Sneakers,6,Not Specified,Not Specified,Not Specified,Not Specified,Not Specified,PUMA-0020,Puma
Softride Pro Echo Consonance Men's Running Shoes,6,Not Specified,Not Specified,Not Specified,Not Specified,Not Specified,PUMA-0021,Puma
PUMA x ASTON MARTIN ARAMCO F1® TEAM Fade NITRO™ Men's Sneakers,6,Not Specified,Not Specified,Not Specified,Not Specified,Not Specified,PUMA-0022,Puma
Slipstream Always On Men's Leather Sneakers,6,Not Specified,Not Specified,Not Specified,Not Specified,Not Specified,PUMA-0023,Puma
Dezhyphr Men's Sneakers,6,Not Specified,Not Specified,Not Specified,Not Specified,Not Specified,PUMA-0024,Puma
Scend Pro HeatStride Men's Running Shoes,6,Not Specified,Not Specified,Not Specified,Not Specified,Not Specified,PUMA-0025,Puma
Seriah Men's Running Shoes,6,Not Specified,Not Specified,Not Specified,Not Specified,Not Specified,PUMA-0026,Puma
Pint Men's Sneakers,6,Not Specified,Not Specified,Not Specified,Not Specified,Not Specified,PUMA-0027,Puma
Keftrun Men's Sneakers,6,Not Specified,Not Specified,Not Specified,Not Specified,Not Specified,PUMA-0028,Puma
Scuderia Ferrari Hypnotic Men's Stylish Low Sneakers,6,Not Specified,Not Specified,Not Specified,Not Specified,Not Specified,PUMA-0029,Puma
QuestBlitz Lander Men's Running Shoes,6,Not Specified,Not Specified,Not Specified,Not Specified,Not Specified,PUMA-0030,Puma
PUMA Retrace Men's Casual Sneakers,6,Not Specified,Not Specified,Not Specified,Not Specified,Not Specified,PUMA-0031,Puma
Velocity NITRO™ 4 Men's Road Running Wide Shoes,6,Not Specified,Not Specified,Not Specified,Not Specified,Not Specified,PUMA-0032,Puma
Pulsion​ Men's Sneakers,6,Not Specified,Not Specified,Not Specified,Not Specified,Not Specified,PUMA-0033,Puma
Magnify NITRO™ 3 Men's Road Running Shoes,6,Not Specified,Not Specified,Not Specified,Not Specified,Not Specified,PUMA-0034,Puma
Softride Pro Echo BlareGravi Men's Running Shoes,6,Not Specified,Not Specified,Not Specified,Not Specified,Not Specified,PUMA-0035,Puma
ForeverRun NITRO™ 2 Men's Road Running Shoes,6,Not Specified,Not Specified,Not Specified,Not Specified,Not Specified,PUMA-0036,Puma
Walk Max Men's Walking Shoes,6,Not Specified,Not Specified,Not Specified,Not Specified,Not Specified,PUMA-0037,Puma
Widerer Men's Running Shoes,6,Not Specified,Not Specified,Not Specified,Not Specified,Not Specified,PUMA-0038,Puma
Deviate NITRO™ 3 Ekiden Men's Running Shoes,6,Not Specified,Not Specified,Not Specified,Not Specified,Not Specified,PUMA-0039,Puma
Scuderia Ferrari Trinity Men's Sneakers,6,Not Specified,Not Specified,Not Specified,Not Specified,Not Specified,PUMA-0040,Puma
Deviate NITRO™ 4  Wide Men's Running Shoes,6,Not Specified,Not Specified,Not Specified,Not Specified,Not Specified,PUMA-0041,Puma
ForeverRun NITRO™ 2 Men's Road Running Wide Shoes,6,Not Specified,Not Specified,Not Specified,Not Specified,Not Specified,PUMA-0042,Puma
Swift Pulse Men's Training Shoes,6,Not Specified,Not Specified,Not Specified,Not Specified,Not Specified,PUMA-0043,Puma
Propio NITRO™ 3 Ekiden Men's Running Shoes,6,Not Specified,Not Specified,Not Specified,Not Specified,Not Specified,PUMA-0044,Puma
ForeverRun NITRO™ 2 Men's Running Shoes,6,Not Specified,Not Specified,Not Specified,Not Specified,Not Specified,PUMA-0045,Puma
ForeverRun NITRO™ Men's Road Running Shoes,6,Not Specified,Not Specified,Not Specified,Not Specified,Not Specified,PUMA-0046,Puma
Cell Fraction Fade Men's Running Shoes,6,Not Specified,Not Specified,Not Specified,Not Specified,Not Specified,PUMA-0047,Puma
Razz Men's Running Shoes,6,Not Specified,Not Specified,Not Specified,Not Specified,Not Specified,PUMA-0048,Puma
Cirque Slip-On Men's Shoes,6,Not Specified,Not Specified,Not Specified,Not Specified,Not Specified,PUMA-0049,Puma
Questblitz Mid Men's Running Shoes,6,Not Specified,Not Specified,Not Specified,Not Specified,Not Specified,PUMA-0050,Puma
SOFTRIDE Vital Engineered Mesh Men's Running Shoes,6,Red,Not Specified,Not Specified,Not Specified,Not Specified,PUMA-0051,Puma
Anzarun Camo Men's Lightweight Casual Shoes,6,Not Specified,Not Specified,Not Specified,Not Specified,Not Specified,PUMA-0052,Puma
PUMA x HYROX Deviate NITRO™ Elite 4 Men's Running Shoes,6,Not Specified,Not Specified,Not Specified,Not Specified,Not Specified,PUMA-0053,Puma
Calit Men's Running Shoes,6,Not Specified,Not Specified,Not Specified,Not Specified,Not Specified,PUMA-0054,Puma
Bazin Men's Running Shoes,6,Not Specified,Not Specified,Not Specified,Not Specified,Not Specified,PUMA-0055,Puma
Porsche Sport XETIC V Men's Leather Sneakers,6,Not Specified,Not Specified,Not Specified,Not Specified,Not Specified,PUMA-0056,Puma
Scorch Runner V2 Men's Running Shoes,6,Not Specified,Not Specified,Not Specified,Not Specified,Not Specified,PUMA-0057,Puma
Softride Rift Men's Running Shoes,6,Not Specified,Not Specified,Not Specified,Not Specified,Not Specified,PUMA-0058,Puma
Grasp Men's Shoes,6,Not Specified,Not Specified,Not Specified,Not Specified,Not Specified,PUMA-0059,Puma
Skyrocket Lite Men's Running Shoes,6,Not Specified,Not Specified,Not Specified,Not Specified,Not Specified,PUMA-0060,Puma
Softride Rift Zensole Men's Running Shoes,6,Not Specified,Not Specified,Not Specified,Not Specified,Not Specified,PUMA-0061,Puma
ATTACANTO II Men's Lightweight FG/AG Football Shoes,6,Not Specified,Not Specified,Not Specified,Not Specified,Not Specified,PUMA-0062,Puma
Flyer Runner Engineered Knit Men's Shoes,6,Red,Not Specified,Not Specified,Not Specified,Not Specified,PUMA-0063,Puma
Softride Pro Dynamic Flex Men's Slip-On Running Shoes,6,Not Specified,Not Specified,Not Specified,Not Specified,Not Specified,PUMA-0064,Puma
Vitality Connect Men's Running Shoes,6,Not Specified,Not Specified,Not Specified,Not Specified,Not Specified,PUMA-0065,Puma
Men's Electron 2.0 Sneakers,6,Not Specified,Not Specified,Not Specified,Not Specified,Not Specified,PUMA-0066,Puma
PUMA x HYROX Deviate NITRO™ 4 Men's Running Shoes,6,Not Specified,Not Specified,Not Specified,Not Specified,Not Specified,PUMA-0067,Puma
Speedcat Premium Sneakers,6,Not Specified,Not Specified,Not Specified,Not Specified,Not Specified,PUMA-0068,Puma
Cell Thrill Res Men's Running Shoes,6,Not Specified,Not Specified,Not Specified,Not Specified,Not Specified,PUMA-0069,Puma
LQDCELL Method Men's Training Shoes,6,Not Specified,Not Specified,Not Specified,Not Specified,Not Specified,PUMA-0070,Puma
Scuderia Ferrari Drift Cat 11 Men's Sneakers,6,Not Specified,Not Specified,Not Specified,Not Specified,Not Specified,PUMA-0071,Puma
Incinerate Running Shoes,6,Not Specified,Not Specified,Not Specified,Not Specified,Not Specified,PUMA-0072,Puma
Exotine 3.0 Men's Running Shoes,6,Not Specified,Not Specified,Not Specified,Not Specified,Not Specified,PUMA-0073,Puma
Robust V2 Men's Shoes,6,Not Specified,Not Specified,Not Specified,Not Specified,Not Specified,PUMA-0074,Puma
Rapid Flow V1 Men's Running Shoes,6,Not Specified,Not Specified,Not Specified,Not Specified,Not Specified,PUMA-0075,Puma
MagMax NITRO™ Men's Maximum Cushioning Running Shoes,6,Not Specified,Not Specified,Not Specified,Not Specified,Not Specified,PUMA-0076,Puma
Softride Rift Jolt Punch Men's Running Shoes,6,Not Specified,Not Specified,Not Specified,Not Specified,Not Specified,PUMA-0077,Puma
Trinity Mid Hybrid Men's Lightweight Sneakers,6,Not Specified,Not Specified,Not Specified,Not Specified,Not Specified,PUMA-0078,Puma
Electrify NITRO™ 4 Men's Running Shoes,6,Not Specified,Not Specified,Not Specified,Not Specified,Not Specified,PUMA-0079,Puma
Foam Stride Men's Running Shoes,6,Not Specified,Not Specified,Not Specified,Not Specified,Not Specified,PUMA-0080,Puma
Resolve Modern Running Shoes,6,Not Specified,Not Specified,Not Specified,Not Specified,Not Specified,PUMA-0081,Puma
Cirque Men's Slip-On Shoes,6,Not Specified,Not Specified,Not Specified,Not Specified,Not Specified,PUMA-0082,Puma
Scorch Mark Slip On Men's Running Shoes,6,Not Specified,Not Specified,Not Specified,Not Specified,Not Specified,PUMA-0083,Puma
Electron 2.0 Sport Men's Sneakers,6,Not Specified,Not Specified,Not Specified,Not Specified,Not Specified,PUMA-0084,Puma
Smash Pop Men's Sneakers,6,Not Specified,Not Specified,Not Specified,Not Specified,Not Specified,PUMA-0085,Puma
Rideric Men's Sneakers,6,Not Specified,Not Specified,Not Specified,Not Specified,Not Specified,PUMA-0086,Puma
PUMA x HYROX Velocity NITRO™ 4 Men's Running Shoes,6,Not Specified,Not Specified,Not Specified,Not Specified,Not Specified,PUMA-0087,Puma
Electrify NITRO™ 4 Men's Trail Running Shoes,6,Not Specified,Not Specified,Not Specified,Not Specified,Not Specified,PUMA-0088,Puma
Deviate NITRO™ Elite 3 Men's Road Running Shoes,6,Not Specified,Not Specified,Not Specified,Not Specified,Not Specified,PUMA-0089,Puma
Velocity NITRO™ 4 HYROX Men's Running Shoes,6,Not Specified,Not Specified,Not Specified,Not Specified,Not Specified,PUMA-0090,Puma
Deviate NITRO™ 3 Men's Running Shoes,6,Not Specified,Not Specified,Not Specified,Not Specified,Not Specified,PUMA-0091,Puma
Cricket High Run Men's Shoes,6,Not Specified,Not Specified,Not Specified,Not Specified,Not Specified,PUMA-0092,Puma
Quest X Men's Running Shoes,6,Not Specified,Not Specified,Not Specified,Not Specified,Not Specified,PUMA-0093,Puma
PWRFrame TR 3 Men's Training Shoes,6,Not Specified,Not Specified,Not Specified,Not Specified,Not Specified,PUMA-0094,Puma
Deviate NITRO™ 3 Wide Men's Running Shoes,6,Not Specified,Not Specified,Not Specified,Not Specified,Not Specified,PUMA-0095,Puma
Deviate NITRO™ DIGITOKYO Men's Running Shoes,6,Not Specified,Not Specified,Not Specified,Not Specified,Not Specified,PUMA-0096,Puma
RBD Game Court- Z Mid Men's Sneakers,6,Not Specified,Not Specified,Not Specified,Not Specified,Not Specified,PUMA-0097,Puma
Softride Frequence Street Women's Running Shoes,6,Not Specified,Not Specified,Not Specified,Not Specified,Not Specified,PUMA-0098,Puma
Speedcat Suede Ballet Women's Shoes,6,Not Specified,Not Specified,Not Specified,Not Specified,Not Specified,PUMA-0099,Puma
Mayze Lux Women's Sneakers,6,Not Specified,Not Specified,Not Specified,Not Specified,Not Specified,PUMA-0100,Puma
SOFTRIDE Mayve Women's Running Shoes,6,Not Specified,Not Specified,Not Specified,Not Specified,Not Specified,PUMA-0101,Puma
Mayze Classic Women's Sneakers,6,Not Specified,Not Specified,Not Specified,Not Specified,Not Specified,PUMA-0102,Puma
Mayze Leather Women's Sneakers,6,Not Specified,Not Specified,Not Specified,Not Specified,Not Specified,PUMA-0103,Puma
FAST-R NITRO™ Elite 3 Women's Running Shoes,6,Not Specified,Not Specified,Not Specified,Not Specified,Not Specified,PUMA-0104,Puma
MagMax NITRO™ 2 Women's Running Shoes,6,Not Specified,Not Specified,Not Specified,Not Specified,Not Specified,PUMA-0105,Puma
Deviate NITRO™ 3 WIDE Women's Running Shoes,6,Not Specified,Not Specified,Not Specified,Not Specified,Not Specified,PUMA-0106,Puma
PWR Hybrid Women's Training Shoes,6,Not Specified,Not Specified,Not Specified,Not Specified,Not Specified,PUMA-0107,Puma
Velocity NITRO™ 4 HYROX Women's Running Shoes,6,Not Specified,Not Specified,Not Specified,Not Specified,Not Specified,PUMA-0108,Puma
Magnify NITRO™ 3 Women's Running Shoes,6,Not Specified,Not Specified,Not Specified,Not Specified,Not Specified,PUMA-0109,Puma
Deviate NITRO™ Elite 4 Women's Running Shoes,6,Not Specified,Not Specified,Not Specified,Not Specified,Not Specified,PUMA-0110,Puma
Maxima Pro Women's Running Shoes,6,Not Specified,Not Specified,Not Specified,Not Specified,Not Specified,PUMA-0111,Puma
MagMax NITRO™ Women's Maximum Cushioning Running Shoes,6,Not Specified,Not Specified,Not Specified,Not Specified,Not Specified,PUMA-0112,Puma
Deviate NITRO™ 4 Women's Road Running Shoes,6,Not Specified,Not Specified,Not Specified,Not Specified,Not Specified,PUMA-0113,Puma
Velocity NITRO™ 4 Women's Running Shoes,6,Not Specified,Not Specified,Not Specified,Not Specified,Not Specified,PUMA-0114,Puma
Propio NITRO™ Women's Running Shoes,6,Not Specified,Not Specified,Not Specified,Not Specified,Not Specified,PUMA-0115,Puma
Speedcat Ballet Women's Metallic Shoes,6,Not Specified,Not Specified,Not Specified,Not Specified,Not Specified,PUMA-0116,Puma
Palermo Moda Women's Leather Sneakers,6,Not Specified,Not Specified,Not Specified,Not Specified,Not Specified,PUMA-0117,Puma
SOFTRIDE Remi Women's Running Shoes,6,Not Specified,Not Specified,Not Specified,Not Specified,Not Specified,PUMA-0118,Puma
Seriah Women's Running Shoes,6,Not Specified,Not Specified,Not Specified,Not Specified,Not Specified,PUMA-0119,Puma
ForeverRun NITRO™ 2 Women's Stability Running Shoes,6,Not Specified,Not Specified,Not Specified,Not Specified,Not Specified,PUMA-0120,Puma
Softride Frequence Women's Running Shoes,6,Not Specified,Not Specified,Not Specified,Not Specified,Not Specified,PUMA-0121,Puma
ForeverRun NITRO™ 2 Wide Women's Running Shoes,6,Not Specified,Not Specified,Not Specified,Not Specified,Not Specified,PUMA-0122,Puma
ForeverRun NITRO™ 2 Women's Running Shoes,6,Not Specified,Not Specified,Not Specified,Not Specified,Not Specified,PUMA-0123,Puma
Accelerate NITRO SQD Women's High-Rebound Indoor Shoes,6,Not Specified,Not Specified,Not Specified,Not Specified,Not Specified,PUMA-0124,Puma
NOVA Elite Women's Padel Boots,6,Not Specified,Not Specified,Not Specified,Not Specified,Not Specified,PUMA-0125,Puma
PWR NITRO™ SQD 2 Women's Training Shoes,6,Not Specified,Not Specified,Not Specified,Not Specified,Not Specified,PUMA-0126,Puma
PUMA x HYROX Velocity NITRO™ 4 Women's Running Shoes,6,Not Specified,Not Specified,Not Specified,Not Specified,Not Specified,PUMA-0127,Puma
Velocity NITRO™ 2 WTR Women's Running Shoes,6,Not Specified,Not Specified,Not Specified,Not Specified,Not Specified,PUMA-0128,Puma
Deviate NITRO™ 3 Women's Running Shoes,6,Not Specified,Not Specified,Not Specified,Not Specified,Not Specified,PUMA-0129,Puma
SOFTRIDE Posse Women's Slip-On Shoes,6,Not Specified,Not Specified,Not Specified,Not Specified,Not Specified,PUMA-0130,Puma
ForeverRun NITRO™ Knit Women's Running Shoes,6,Not Specified,Not Specified,Not Specified,Not Specified,Not Specified,PUMA-0131,Puma
Electrify NITRO™ 4 Women's Everyday Running Shoes,6,Not Specified,Not Specified,Not Specified,Not Specified,Not Specified,PUMA-0132,Puma
PUMA x HYROX Deviate NITRO™ Elite 4 Women's Running Shoes,6,Not Specified,Not Specified,Not Specified,Not Specified,Not Specified,PUMA-0133,Puma
Deviate NITRO™ Elite Women's Trail Running Shoes,6,Not Specified,Not Specified,Not Specified,Not Specified,Not Specified,PUMA-0134,Puma
ForeverRun NITRO™ Women's Running Shoes,6,Not Specified,Not Specified,Not Specified,Not Specified,Not Specified,PUMA-0135,Puma
Deviate NITRO 3 HYROX Women's Max Cushion Running Shoes,6,Not Specified,Not Specified,Not Specified,Not Specified,Not Specified,PUMA-0136,Puma
SOFTRIDE Frequence Women's Running Shoes,6,Not Specified,Not Specified,Not Specified,Not Specified,Not Specified,PUMA-0137,Puma
Cali Court Match Women's Sneakers,6,Not Specified,Not Specified,Not Specified,Not Specified,Not Specified,PUMA-0138,Puma
Electrify NITRO™ 4 Women's Running Shoes,6,Not Specified,Not Specified,Not Specified,Not Specified,Not Specified,PUMA-0139,Puma
Deviate NITRO™ Elite 3 HYROX Women's Running Shoes,6,Not Specified,Not Specified,Not Specified,Not Specified,Not Specified,PUMA-0140,Puma
Deviate NITRO™ 4 HYROX Women's Running Shoes,6,Not Specified,Not Specified,Not Specified,Not Specified,Not Specified,PUMA-0141,Puma
Electrify NITRO™ 3 Knit Women's Running Shoes,6,Not Specified,Not Specified,Not Specified,Not Specified,Not Specified,PUMA-0142,Puma
Electrify NITRO™ 2 Women's Running Shoes,6,Not Specified,Not Specified,Not Specified,Not Specified,Not Specified,PUMA-0143,Puma
SOFTRIDE Sway Women's Running Shoes,6,Not Specified,Not Specified,Not Specified,Not Specified,Not Specified,PUMA-0144,Puma
PUMA x FIRST MILE Velocity NITRO™ 2 Women's Running Shoes,6,Not Specified,Not Specified,Not Specified,Not Specified,Not Specified,PUMA-0145,Puma
X-Cell Nova CAT Women's Everyday Running Shoes,6,Not Specified,Not Specified,Not Specified,Not Specified,Not Specified,PUMA-0146,Puma
Velocity NITRO™ 2 Women's Running Shoes,6,Not Specified,Not Specified,Not Specified,Not Specified,Not Specified,PUMA-0147,Puma
Deviate NITRO™ Elite 3 Women's Running Shoes,6,Not Specified,Not Specified,Not Specified,Not Specified,Not Specified,PUMA-0148,Puma
Deviate NITRO™ 3 Marathon Series Women's Running Shoes,6,Not Specified,Not Specified,Not Specified,Not Specified,Not Specified,PUMA-0149,Puma
Lajla Clean Women's Sneakers,6,Not Specified,Not Specified,Not Specified,Not Specified,Not Specified,PUMA-0150,Puma
Lex Women's Training Shoes,6,Not Specified,Not Specified,Not Specified,Not Specified,Not Specified,PUMA-0151,Puma
Deviate NITRO™ Elite 3 Ekiden Women's Running Shoes,6,Not Specified,Not Specified,Not Specified,Not Specified,Not Specified,PUMA-0152,Puma
Deviate NITRO™ DIGITOKYO Women's Running Shoes,6,Not Specified,Not Specified,Not Specified,Not Specified,Not Specified,PUMA-0153,Puma
Solar Women's Comfort Cushion Running Shoes,6,Not Specified,Not Specified,Not Specified,Not Specified,Not Specified,PUMA-0154,Puma
Softride Remi Slip-On Knit Women's Running Shoes,6,Not Specified,Not Specified,Not Specified,Not Specified,Not Specified,PUMA-0155,Puma
Blktop Rider Vibrant Women's Sneakers,6,Not Specified,Not Specified,Not Specified,Not Specified,Not Specified,PUMA-0156,Puma
Smashic Women's Comfort Casual Sneakers,6,Not Specified,Not Specified,Not Specified,Not Specified,Not Specified,PUMA-0157,Puma
Speedcat Ballet Venus Women's Shiny Shoes,6,Not Specified,Not Specified,Not Specified,Not Specified,Not Specified,PUMA-0158,Puma
Galaxis Pro Women's Performance Boost Running Shoes,6,Not Specified,Not Specified,Not Specified,Not Specified,Not Specified,PUMA-0159,Puma
Carina Slim Perf Women's Sneakers,6,Not Specified,Not Specified,Not Specified,Not Specified,Not Specified,PUMA-0160,Puma
Speedcat Elevated Women's Sneakers,6,Not Specified,Not Specified,Not Specified,Not Specified,Not Specified,PUMA-0161,Puma
Softride Cushioned Women Comfort Shoes,6,Not Specified,Not Specified,Not Specified,Not Specified,Not Specified,PUMA-0162,Puma
Adelina Women's Ballerina Shoes,6,Not Specified,Not Specified,Not Specified,Not Specified,Not Specified,PUMA-0163,Puma
Speedcat Ballet Women's Leather Shoes,6,Not Specified,Not Specified,Not Specified,Not Specified,Not Specified,PUMA-0164,Puma
Cruise Rider Silk Road Women's Sneakers,6,Not Specified,Not Specified,Not Specified,Not Specified,Not Specified,PUMA-0165,Puma
X- Ray Airflex Women's Sneakers,6,Not Specified,Not Specified,Not Specified,Not Specified,Not Specified,PUMA-0166,Puma
RS-X Soft Women's Sneakers,6,Not Specified,Not Specified,Not Specified,Not Specified,Not Specified,PUMA-0167,Puma
Cell Thrill Women's Comfort Running Shoes,6,Not Specified,Not Specified,Not Specified,Not Specified,Not Specified,PUMA-0168,Puma
Tori Pixie Femme Women's Casual Sneakers,6,Not Specified,Not Specified,Not Specified,Not Specified,Not Specified,PUMA-0169,Puma
Cali Court Luxe Women's Sneakers,6,Not Specified,Not Specified,Not Specified,Not Specified,Not Specified,PUMA-0170,Puma
Speedcat Seoul Women's Sneakers,6,Not Specified,Not Specified,Not Specified,Not Specified,Not Specified,PUMA-0171,Puma
Mostro Anodized Women's Shimmery Sneakers,6,Not Specified,Not Specified,Not Specified,Not Specified,Not Specified,PUMA-0172,Puma
Speedcat Zebra Women's Sneakers,6,Not Specified,Not Specified,Not Specified,Not Specified,Not Specified,PUMA-0173,Puma
Speedcat Go Women's Shoes,6,Not Specified,Not Specified,Not Specified,Not Specified,Not Specified,PUMA-0174,Puma
Adelina 2 Women's Ballerina Shoes,6,Not Specified,Not Specified,Not Specified,Not Specified,Not Specified,PUMA-0175,Puma
Mostro Move Venus Women's Slip-On Sneakers,6,Not Specified,Not Specified,Not Specified,Not Specified,Not Specified,PUMA-0176,Puma
Tori Pixie V1 Women's All-day Comfort Sneakers,6,Not Specified,Not Specified,Not Specified,Not Specified,Not Specified,PUMA-0177,Puma
Style Rider Lumi Women's Colorblock Sneakers,6,Not Specified,Not Specified,Not Specified,Not Specified,Not Specified,PUMA-0178,Puma
Inverse Mosaic Women's Sneakers,6,Not Specified,Not Specified,Not Specified,Not Specified,Not Specified,PUMA-0179,Puma
Speedcat Pearlized Women's Ballet Shoes,6,Not Specified,Not Specified,Not Specified,Not Specified,Not Specified,PUMA-0180,Puma
Speedcat Paris Women's Sneakers,6,Not Specified,Not Specified,Not Specified,Not Specified,Not Specified,PUMA-0181,Puma
Palermo Elevata Women's Leather Sneakers,6,Not Specified,Not Specified,Not Specified,Not Specified,Not Specified,PUMA-0182,Puma
Carina Leather SoftFoam Women's Sneakers,6,Not Specified,Not Specified,Not Specified,Not Specified,Not Specified,PUMA-0183,Puma
Velocity NITRO 4 Women's Running Shoes,6,Not Specified,Not Specified,Not Specified,Not Specified,Not Specified,PUMA-0184,Puma
Softride Sophia 2 Women's Slip-On Shoes,6,Not Specified,Not Specified,Not Specified,Not Specified,Not Specified,PUMA-0185,Puma
Cirque Slip-On Women's Shoes,6,Not Specified,Not Specified,Not Specified,Not Specified,Not Specified,PUMA-0186,Puma
Air Jordan 1 Low,6,Not Specified,Not Specified,Not Specified,Not Specified,Not Specified,NIKE-0001,Nike
Nike Downshifter 14,6,Not Specified,Not Specified,Not Specified,Not Specified,Not Specified,NIKE-0002,Nike
AIR FORCE 1 '07 NN,6,Not Specified,Not Specified,Not Specified,Not Specified,Not Specified,NIKE-0003,Nike
Nike Quest 6,6,Not Specified,Not Specified,Not Specified,Not Specified,Not Specified,NIKE-0004,Nike
Air Jordan 1 Mid SE,6,Not Specified,Not Specified,Not Specified,Not Specified,Not Specified,NIKE-0005,Nike
Air Jordan 1 Mid,6,Not Specified,Not Specified,Not Specified,Not Specified,Not Specified,NIKE-0006,Nike
Nike Air Force 1 '07 Premium,6,Not Specified,Not Specified,Not Specified,Not Specified,Not Specified,NIKE-0007,Nike
Nike Court Vision Low Next Nature,6,Not Specified,Not Specified,Not Specified,Not Specified,Not Specified,NIKE-0008,Nike
Nike Run Defy,6,Not Specified,Not Specified,Not Specified,Not Specified,Not Specified,NIKE-0009,Nike
Nike Precision 8 MID,6,Not Specified,Not Specified,Not Specified,Not Specified,Not Specified,NIKE-0010,Nike
Air Jordan 1 Low SE,6,Not Specified,Not Specified,Not Specified,Not Specified,Not Specified,NIKE-0011,Nike
Nike Dunk Low Retro Premium,6,Not Specified,Not Specified,Not Specified,Not Specified,Not Specified,NIKE-0012,Nike
Nike Dunk Low Retro SE,6,Not Specified,Not Specified,Not Specified,Not Specified,Not Specified,NIKE-0013,Nike
Nike C1TY 'Surplus',6,Not Specified,Not Specified,Not Specified,Not Specified,Not Specified,NIKE-0014,Nike
Nike Journey Run,6,Not Specified,Not Specified,Not Specified,Not Specified,Not Specified,NIKE-0015,Nike
Nike Killshot 2 Leather,6,Not Specified,Not Specified,Not Specified,Not Specified,Not Specified,NIKE-0016,Nike
Nike Victori One,6,Not Specified,Not Specified,Not Specified,Not Specified,Not Specified,NIKE-0017,Nike
Nike Court Vision Mid Next Nature,6,Not Specified,Not Specified,Not Specified,Not Specified,Not Specified,NIKE-0018,Nike
Nike Air Max Bia,6,Not Specified,Not Specified,Not Specified,Not Specified,Not Specified,NIKE-0019,Nike
Nike P-6000,6,Not Specified,Not Specified,Not Specified,Not Specified,Not Specified,NIKE-0020,Nike
Nike Air Max Moto 2K,6,Not Specified,Not Specified,Not Specified,Not Specified,Not Specified,NIKE-0021,Nike
Air Force 1 '07 LV8,6,Not Specified,Not Specified,Not Specified,Not Specified,Not Specified,NIKE-0022,Nike
Nike Vomero Premium SP,6,Not Specified,Not Specified,Not Specified,Not Specified,Not Specified,NIKE-0023,Nike
Nike Air Max 95 'Big Bubble',6,Not Specified,Not Specified,Not Specified,Not Specified,Not Specified,NIKE-0024,Nike
LeBron Witness IX EP,6,Not Specified,Not Specified,Not Specified,Not Specified,Not Specified,NIKE-0025,Nike
Nike Air Max Excee,6,Not Specified,Not Specified,Not Specified,Not Specified,Not Specified,NIKE-0026,Nike
Nike Precision 7,6,Not Specified,Not Specified,Not Specified,Not Specified,Not Specified,NIKE-0027,Nike
Nike Dunk Low Retro,6,Not Specified,Not Specified,Not Specified,Not Specified,Not Specified,NIKE-0028,Nike
Nike Air Max Alpha Trainer 6,6,Not Specified,Not Specified,Not Specified,Not Specified,Not Specified,NIKE-0029,Nike
Nike LD-1000,6,Not Specified,Not Specified,Not Specified,Not Specified,Not Specified,NIKE-0030,Nike
Nike Promina,6,Not Specified,Not Specified,Not Specified,Not Specified,Not Specified,NIKE-0031,Nike
Nike Pegasus 41,6,Not Specified,Not Specified,Not Specified,Not Specified,Not Specified,NIKE-0032,Nike
Nike Zoom Vomero 5,6,Not Specified,Not Specified,Not Specified,Not Specified,Not Specified,NIKE-0033,Nike
Nike SB Vertebrae,6,Not Specified,Not Specified,Not Specified,Not Specified,Not Specified,NIKE-0034,Nike
Nike Air Force 1 '07,6,Not Specified,Not Specified,Not Specified,Not Specified,Not Specified,NIKE-0035,Nike
Nike Air Max 90,6,Not Specified,Not Specified,Not Specified,Not Specified,Not Specified,NIKE-0036,Nike
Nike Winflo 11,6,Not Specified,Not Specified,Not Specified,Not Specified,Not Specified,NIKE-0037,Nike
Nike Structure 26,6,Not Specified,Not Specified,Not Specified,Not Specified,Not Specified,NIKE-0038,Nike
Nike Court Vision Low,6,Not Specified,Not Specified,Not Specified,Not Specified,Not Specified,NIKE-0039,Nike
Nike Metro Tek,6,Not Specified,Not Specified,Not Specified,Not Specified,Not Specified,NIKE-0040,Nike
Nike Air Max Invigor,6,Not Specified,Not Specified,Not Specified,Not Specified,Not Specified,NIKE-0041,Nike
Nike Killshot 2,6,Not Specified,Not Specified,Not Specified,Not Specified,Not Specified,NIKE-0042,Nike
Nike Air Max Torch 4,6,Not Specified,Not Specified,Not Specified,Not Specified,Not Specified,NIKE-0043,Nike
Nike Court Shot,6,Not Specified,Not Specified,Not Specified,Not Specified,Not Specified,NIKE-0044,Nike
Nike Dunk Low Retro SE Leather/Suede,6,Not Specified,Not Specified,Not Specified,Not Specified,Not Specified,NIKE-0045,Nike
Nike Initiator,6,Not Specified,Not Specified,Not Specified,Not Specified,Not Specified,NIKE-0046,Nike
Nike C1TY Premium,6,Not Specified,Not Specified,Not Specified,Not Specified,Not Specified,NIKE-0047,Nike
AIR JORDAN 1 RETRO LOW OG,6,Not Specified,Not Specified,Not Specified,Not Specified,Not Specified,NIKE-0048,Nike
Nike Air Max 95 Big Bubble,6,Not Specified,Not Specified,Not Specified,Not Specified,Not Specified,NIKE-0049,Nike
Nike Air Max 95 Big Bubble Leather,6,Not Specified,Not Specified,Not Specified,Not Specified,Not Specified,NIKE-0050,Nike
"Nike Air Max 90 Premium 'Valentine's Day""",6,Not Specified,Not Specified,Not Specified,Not Specified,Not Specified,NIKE-0051,Nike
Nike P-6000 Premium CORDURA,6,Not Specified,Not Specified,Not Specified,Not Specified,Not Specified,NIKE-0052,Nike
Nike Pacific,6,Not Specified,Not Specified,Not Specified,Not Specified,Not Specified,NIKE-0053,Nike
Air Jordan 1 Retro High OG,6,Not Specified,Not Specified,Not Specified,Not Specified,Not Specified,NIKE-0054,Nike
Nike SB Zoom Janoski OG+,6,Not Specified,Not Specified,Not Specified,Not Specified,Not Specified,NIKE-0055,Nike
Nike Court Borough Low Premium,6,Not Specified,Not Specified,Not Specified,Not Specified,Not Specified,NIKE-0056,Nike
Nike Full Force Low,6,Not Specified,Not Specified,Not Specified,Not Specified,Not Specified,NIKE-0057,Nike
Nike Ava X,6,Not Specified,Not Specified,Not Specified,Not Specified,Not Specified,NIKE-0058,Nike
Nike LD-1000 LNY,6,Not Specified,Not Specified,Not Specified,Not Specified,Not Specified,NIKE-0059,Nike
Nike P-6000 SE,6,Not Specified,Not Specified,Not Specified,Not Specified,Not Specified,NIKE-0060,Nike
Nike Air Max LTD 3,6,Not Specified,Not Specified,Not Specified,Not Specified,Not Specified,NIKE-0061,Nike
Nike Air Max SC,6,Not Specified,Not Specified,Not Specified,Not Specified,Not Specified,NIKE-0062,Nike
Nike C1TY,6,Not Specified,Not Specified,Not Specified,Not Specified,Not Specified,NIKE-0063,Nike
Nike Air Trainer Huarache,6,Not Specified,Not Specified,Not Specified,Not Specified,Not Specified,NIKE-0064,Nike
Nike Air Force 1 '07 Texture,6,Not Specified,Not Specified,Not Specified,Not Specified,Not Specified,NIKE-0065,Nike
Nike Air Max Phoenix,6,Not Specified,Not Specified,Not Specified,Not Specified,Not Specified,NIKE-0066,Nike
Nike Free 2025,6,Not Specified,Not Specified,Not Specified,Not Specified,Not Specified,NIKE-0067,Nike
Nike V5 RNR,6,Not Specified,Not Specified,Not Specified,Not Specified,Not Specified,NIKE-0068,Nike
Nike P-6000 Suede,6,Not Specified,Not Specified,Not Specified,Not Specified,Not Specified,NIKE-0069,Nike
Nike Court Borough Low Recraft,6,Not Specified,Not Specified,Not Specified,Not Specified,Not Specified,NIKE-0070,Nike
Nike Flex Runner 4,6,Not Specified,Not Specified,Not Specified,Not Specified,Not Specified,NIKE-0071,Nike
Nike Swoosh 1,6,Not Specified,Not Specified,Not Specified,Not Specified,Not Specified,NIKE-0072,Nike
Nike Vomero 18,6,Not Specified,Not Specified,Not Specified,Not Specified,Not Specified,NIKE-0073,Nike
Nike Air Max Nova,6,Not Specified,Not Specified,Not Specified,Not Specified,Not Specified,NIKE-0074,Nike
Nike Star Runner 5,6,Not Specified,Not Specified,Not Specified,Not Specified,Not Specified,NIKE-0075,Nike
Nike Sportswear,6,Not Specified,Not Specified,Not Specified,Not Specified,Not Specified,NIKE-0076,Nike
Nike Multi,6,Not Specified,Not Specified,Not Specified,Not Specified,Not Specified,NIKE-0077,Nike
Nike Gym Club,6,Not Specified,Not Specified,Not Specified,Not Specified,Not Specified,NIKE-0078,Nike
Nike Brasilia,6,Not Specified,Not Specified,Not Specified,Not Specified,Not Specified,NIKE-0079,Nike
Nike Classic,6,Not Specified,Not Specified,Not Specified,Not Specified,Not Specified,NIKE-0080,Nike
Nike Brasilia JDI,6,Not Specified,Not Specified,Not Specified,Not Specified,Not Specified,NIKE-0081,Nike
Nike Club,6,Not Specified,Not Specified,Not Specified,Not Specified,Not Specified,NIKE-0082,Nike
Older Kids' Backpack (20L),6,Not Specified,Not Specified,Not Specified,Not Specified,Not Specified,NIKE-0083,Nike
Nike Air Max 90 SE,6,Not Specified,Not Specified,Not Specified,Not Specified,Not Specified,NIKE-0084,Nike
STITCHES LOW EM (GS),6,Not Specified,Not Specified,Not Specified,Not Specified,Not Specified,NIKE-0085,Nike
Nike Sportswear Club Fleece,6,Not Specified,Not Specified,Not Specified,Not Specified,Not Specified,NIKE-0086,Nike
Nike Pro,6,Not Specified,Not Specified,Not Specified,Not Specified,Not Specified,NIKE-0087,Nike
Nike Miler,6,Not Specified,Not Specified,Not Specified,Not Specified,Not Specified,NIKE-0088,Nike
Air Jordan 5 Retro,6,Not Specified,Not Specified,Not Specified,Not Specified,Not Specified,NIKE-0089,Nike
Nike Sonic Fly,6,Not Specified,Not Specified,Not Specified,Not Specified,Not Specified,NIKE-0090,Nike
Nike Air Force 1 LV8,6,Not Specified,Not Specified,Not Specified,Not Specified,Not Specified,NIKE-0091,Nike
Nike Air Force 1 LE,6,Not Specified,Not Specified,Not Specified,Not Specified,Not Specified,NIKE-0092,Nike
Kids' Backpack,6,Not Specified,Not Specified,Not Specified,Not Specified,Not Specified,NIKE-0093,Nike
Nike Air Max 90 LTR,6,Not Specified,Not Specified,Not Specified,Not Specified,Not Specified,NIKE-0096,Nike
Nike Kobe Older Kids' Dri-FIT Max90 T-Shirt,6,Not Specified,Not Specified,Not Specified,Not Specified,Not Specified,NIKE-0097,Nike
Sold Out,6,Not Specified,Not Specified,Not Specified,Not Specified,Not Specified,NIKE-0098,Nike
GO WALK FLEX,6,Not Specified,Not Specified,Not Specified,Not Specified,Not Specified,SKX-0001,Skechers
GO RUN CONSISTENT,6,Not Specified,Not Specified,Not Specified,Not Specified,Not Specified,SKX-0002,Skechers
GO WALK ARCH FIT 2,6,Not Specified,Not Specified,Not Specified,Not Specified,Not Specified,SKX-0003,Skechers
GO RUN NOW - STOVER,6,Not Specified,Not Specified,Not Specified,Not Specified,Not Specified,SKX-0004,Skechers
SWITCH BACK - VENTURE SEEKER,6,Not Specified,Not Specified,Not Specified,Not Specified,Not Specified,SKX-0005,Skechers
UNO LITE - LIGHTER ONE,6,Not Specified,Not Specified,Not Specified,Not Specified,Not Specified,SKX-0006,Skechers
VAPOR FOAM - OXULUS,6,Not Specified,Not Specified,Not Specified,Not Specified,Not Specified,SKX-0007,Skechers
GO RUN VELOCITY,6,Not Specified,Not Specified,Not Specified,Not Specified,Not Specified,SKX-0008,Skechers
HOTSHOT - RELEGATE,6,Not Specified,Not Specified,Not Specified,Not Specified,Not Specified,SKX-0009,Skechers
GO WALK 7,6,Not Specified,Not Specified,Not Specified,Not Specified,Not Specified,SKX-0010,Skechers
D'LUX VAPOR - HEVELL,6,Not Specified,Not Specified,Not Specified,Not Specified,Not Specified,SKX-0011,Skechers
KOOPA,6,Not Specified,Not Specified,Not Specified,Not Specified,Not Specified,SKX-0012,Skechers
SKECHERS VIPER COURT RALLY,6,Not Specified,Not Specified,Not Specified,Not Specified,Not Specified,SKX-0013,Skechers
GO WALK 7 - FREE HAND 2,6,Not Specified,Not Specified,Not Specified,Not Specified,Not Specified,SKX-0014,Skechers
GO WALK 7 - CONFORMITY,6,Not Specified,Not Specified,Not Specified,Not Specified,Not Specified,SKX-0015,Skechers
SHOE CARE GIFT SET - BAG,6,Not Specified,Not Specified,Not Specified,Not Specified,Not Specified,SKX-0016,Skechers
MAX CUSHIONING ARCH FIT 2,6,Not Specified,Not Specified,Not Specified,Not Specified,Not Specified,SKX-0017,Skechers
SKECHERS AERO PULSE,6,Not Specified,Not Specified,Not Specified,Not Specified,Not Specified,SKX-0018,Skechers
SPORT COURT 92,6,Not Specified,Not Specified,Not Specified,Not Specified,Not Specified,SKX-0019,Skechers
ULTRA FLEX,6,Not Specified,Not Specified,Not Specified,Not Specified,Not Specified,SKX-0020,Skechers
DELSON 3.0 - LAVELL,6,Not Specified,Not Specified,Not Specified,Not Specified,Not Specified,SKX-0021,Skechers
MAX CUSHIONING ELITE,6,Not Specified,Not Specified,Not Specified,Not Specified,Not Specified,SKX-0022,Skechers
SUMMITS - ARTISTRY CHIC,6,Not Specified,Not Specified,Not Specified,Not Specified,Not Specified,SKX-0023,Skechers
GO RUN CONSISTENT 2,6,Not Specified,Not Specified,Not Specified,Not Specified,Not Specified,SKX-0024,Skechers
SEAGER,6,Not Specified,Not Specified,Not Specified,Not Specified,Not Specified,SKX-0026,Skechers
ON-THE-GO 600 - SUNNY,6,Not Specified,Not Specified,Not Specified,Not Specified,Not Specified,SKX-0027,Skechers
SUMMITS - TOP PLAYER,6,Not Specified,Not Specified,Not Specified,Not Specified,Not Specified,SKX-0028,Skechers
MAX CUSHIONING ELITE 2.0 - ET,6,Not Specified,Not Specified,Not Specified,Not Specified,Not Specified,SKX-0029,Skechers
GO RUN ELEVATE,6,Not Specified,Not Specified,Not Specified,Not Specified,Not Specified,SKX-0030,Skechers
GO WALK 6 - OCEAN SPLASH,6,Not Specified,Not Specified,Not Specified,Not Specified,Not Specified,SKX-0031,Skechers
ON-THE-GO 600,6,Not Specified,Not Specified,Not Specified,Not Specified,Not Specified,SKX-0032,Skechers
GO WALK 8 - NOVA,6,Not Specified,Not Specified,Not Specified,Not Specified,Not Specified,SKX-0033,Skechers
GO RUN 400,6,Not Specified,Not Specified,Not Specified,Not Specified,Not Specified,SKX-0034,Skechers
GO WALK FLEX - NOVA,6,Not Specified,Not Specified,Not Specified,Not Specified,Not Specified,SKX-0035,Skechers
GO WALK ARCH FIT 2.0 - VAL,6,Not Specified,Not Specified,Not Specified,Not Specified,Not Specified,SKX-0036,Skechers
Samba OG Shoes,6,Not Specified,Not Specified,Not Specified,Not Specified,Not Specified,ADS-0001,Adidas
Duramo SL Shoes,6,Not Specified,Not Specified,Not Specified,Not Specified,Not Specified,ADS-0002,Adidas
Cloudfoam Go Lounger Shoes,6,Not Specified,Not Specified,Not Specified,Not Specified,Not Specified,ADS-0003,Adidas
Handball Spezial Shoes,6,Not Specified,Not Specified,Not Specified,Not Specified,Not Specified,ADS-0004,Adidas
FLEECEWALK SHOES,6,Not Specified,Not Specified,Not Specified,Not Specified,Not Specified,ADS-0005,Adidas
CORE LINEAR STUNICON SHOES,6,Not Specified,Not Specified,Not Specified,Not Specified,Not Specified,ADS-0006,Adidas
SnugPro Running Shoes,6,Not Specified,Not Specified,Not Specified,Not Specified,Not Specified,ADS-0007,Adidas
CLEAR FACTOR SHOES,6,Not Specified,Not Specified,Not Specified,Not Specified,Not Specified,ADS-0008,Adidas
JAUNTZA SHOES,6,Not Specified,Not Specified,Not Specified,Not Specified,Not Specified,ADS-0009,Adidas
AMALGO SHOES,6,Not Specified,Not Specified,Not Specified,Not Specified,Not Specified,ADS-0010,Adidas
ADI RUDH SHOES,6,Not Specified,Not Specified,Not Specified,Not Specified,Not Specified,ADS-0011,Adidas
ULTRABOOST 1.0 SHOES,6,Not Specified,Not Specified,Not Specified,Not Specified,Not Specified,ADS-0012,Adidas
JOLT RUNNER SHOES,6,Not Specified,Not Specified,Not Specified,Not Specified,Not Specified,ADS-0013,Adidas
ULTRA RESPONSE SHOES,6,Not Specified,Not Specified,Not Specified,Not Specified,Not Specified,ADS-0014,Adidas
ZAPCORE SHOES,6,Not Specified,Not Specified,Not Specified,Not Specified,Not Specified,ADS-0015,Adidas
STEP N PACE SHOES,6,Not Specified,Not Specified,Not Specified,Not Specified,Not Specified,ADS-0016,Adidas
COURT RAGE SHOES,6,Not Specified,Not Specified,Not Specified,Not Specified,Not Specified,ADS-0017,Adidas
Ultraboost 5 Shoes,6,Not Specified,Not Specified,Not Specified,Not Specified,Not Specified,ADS-0018,Adidas
SEIZE THE STREET SHOES,6,Not Specified,Not Specified,Not Specified,Not Specified,Not Specified,ADS-0019,Adidas
ADVANTAGE BASE SHOES,6,Not Specified,Not Specified,Not Specified,Not Specified,Not Specified,ADS-0020,Adidas
Comfort Walk Shoes,6,Not Specified,Not Specified,Not Specified,Not Specified,Not Specified,ADS-0021,Adidas
AXELATE SHOES,6,Not Specified,Not Specified,Not Specified,Not Specified,Not Specified,ADS-0022,Adidas
Stan Smith Shoes,6,Tan,Not Specified,Not Specified,Not Specified,Not Specified,ADS-0023,Adidas
BASENEW SHOES,6,Not Specified,Not Specified,Not Specified,Not Specified,Not Specified,ADS-0024,Adidas
Lite Racer CLN 2.0 Shoes,6,Not Specified,Not Specified,Not Specified,Not Specified,Not Specified,ADS-0025,Adidas
SL 72 RS Shoes,6,Not Specified,Not Specified,Not Specified,Not Specified,Not Specified,ADS-0026,Adidas
LAUFEN SPEED SHOES,6,Not Specified,Not Specified,Not Specified,Not Specified,Not Specified,ADS-0027,Adidas
Urban Court Shoes,6,Not Specified,Not Specified,Not Specified,Not Specified,Not Specified,ADS-0029,Adidas
Galaxy 6 Shoes,6,Not Specified,Not Specified,Not Specified,Not Specified,Not Specified,ADS-0031,Adidas
BREEZEWALK SHOES,6,Not Specified,Not Specified,Not Specified,Not Specified,Not Specified,ADS-0033,Adidas
Campus 00s Shoes,6,Not Specified,Not Specified,Not Specified,Not Specified,Not Specified,ADS-0034,Adidas
LITE RACER CLN 2.0 SHOES,6,Not Specified,Not Specified,Not Specified,Not Specified,Not Specified,ADS-0037,Adidas
Samba Decon Shoes,6,Not Specified,Not Specified,Not Specified,Not Specified,Not Specified,ADS-0038,Adidas
Samba XLG Shoes,6,Not Specified,Not Specified,Not Specified,Not Specified,Not Specified,ADS-0039,Adidas
OZWEEGO SHOES,6,Not Specified,Not Specified,Not Specified,Not Specified,Not Specified,ADS-0041,Adidas
OZWEEGO Shoes,6,Not Specified,Not Specified,Not Specified,Not Specified,Not Specified,ADS-0042,Adidas
Superstar Shoes,6,Not Specified,Not Specified,Not Specified,Not Specified,Not Specified,ADS-0043,Adidas
Lite Racer 3.0 Shoes,6,Not Specified,Not Specified,Not Specified,Not Specified,Not Specified,ADS-0044,Adidas
Court Shoes,6,Not Specified,Not Specified,Not Specified,Not Specified,Not Specified,ADS-0045,Adidas
Swift Run Shoes,6,Not Specified,Not Specified,Not Specified,Not Specified,Not Specified,ADS-0046,Adidas
adidas by Stella McCartney Clogs,6,Not Specified,Not Specified,Not Specified,Not Specified,Not Specified,ADS-0047,Adidas
